LK_EXPERIMENT_EXPERIMENT_ID;SPECIES;SPECIES_SPECIFICITY;YEAR;ML_TRIAL;SL_TRIAL;ORIGIN;RESPONSIBILITY;TEAM;CULTURE_PLACE;CULTURE_UNIT;COUNTRY;REGION;DEPARTMENT;COMMUNE;CULTURE_UNIT_LATITUDE;CULTURE_UNIT_LONGITUDE;CULTURE_PLACE_LATITUDE;CULTURE_PLACE_LONGITUDE;LATITUDE;LONGITUDE;TRANSFER_APPY;SPECIES_GROUP;MATERIAL_NB;REPLICATION_NB;SL_TRIAL_HASH;DESIGN;DESIGN_TYPE;SPECIES_ID;SPECIES_SPECIFICITY_ID;FIABILITY_SYSTEM;FIABILITY_EXPERIMENTAL;FIABILITY_BREEDER;FIABILITY_EXPERIMENTAL_REASON;FIABILITY_BREEDER_REASON
21660;S;-;2018;SG_EA;SG_EA_08;RC;GAIL;;AUZEVILLE-TOLOSANE;18GAUZ_ESS;FRANCE;MIDI-PYRÉNÉES;HAUTE-GARONNE;;43.52779;1.49875;43.52919;1.48365;43.52779;1.49875;1;7;0;1;;;;11;24;;;;;
41785;S;-;2016;SG_04;SG_04_05;RC;GAIL;;ST MAURICE;16GSMG_ESS;FRANCE;RHÔNE-ALPES;AIN;;;;46.09682;4.81896;46.09682;4.81896;0;7;16;4;;;;11;24;;;;;
42786;B;-;2016;B2_04;B2_04_04;RC;LOUV;LOUV;DESTINATION 1;16LDESfroid;FRANCE;;;;;;;;;;0;7;15;1;;;;6;12;;;;;
42760;B;-;2016;B2_07;B2_07_04;RC;LOUV;LOUV;DESTINATION 1;16LDESfroid;FRANCE;;;;;;;;;;0;7;21;1;;;;6;12;;;;;
20276;B;-;2018;B5_07;B5_07_02;RC;LOUV;LOUV;DESTINATION 1;18LTAL;FRANCE;;;;;;;;;;0;7;24;1;;;;6;12;;;;;
20273;B;-;2018;B5_06;B5_06_02;RC;LOUV;LOUV;DESTINATION 1;18LTAL;FRANCE;;;;;;;;;;0;7;24;1;;;;6;12;;;;;
20280;B;-;2018;B5_09;B5_09_02;RC;LOUV;LOUV;DESTINATION 1;18LTAL;FRANCE;;;;;;;;;;0;7;15;1;;;;6;12;;;;;
22796;B;-;2018;B1_51;B1_51_02;RC;LOUV;LOUV;DESTINATION 1;18LTALCS;FRANCE;;;;;;;;;;0;7;36;1;;;;6;12;;;;;
22824;B;-;2018;B1_08;B1_08_02;RC;LOUV;LOUV;DESTINATION 1;18LTALCS;FRANCE;;;;;;;;;;0;7;36;1;;;;6;12;;;;;
22829;B;-;2018;B1_59;B1_59_02;RC;LOUV;LOUV;DESTINATION 1;18LTALCS;FRANCE;;;;;;;;;;0;7;36;1;;;;6;12;;;;;
22555;B;-;2018;B4_02;B4_02_50;RC;LOUV;LOUV;DESTINATION 1;18LTALPP;FRANCE;;;;;;;;;;0;7;36;1;;;;6;12;;;;;
22167;B;-;2018;B4_50;B4_50_02;RC;LOUV;LOUV;DESTINATION 1;18LTALPP;FRANCE;;;;;;;;;;0;7;24;1;;;;6;12;;;;;
22551;B;-;2018;B4_04;B4_04_50;RC;LOUV;LOUV;DESTINATION 1;18LTALPP;FRANCE;;;;;;;;;;0;7;36;1;;;;6;12;;;;;
48640;B;-;2017;B5_55;B5_55_05;RC;LOUV;LOUV;DESTINATION 1;17LDEST1PH;FRANCE;;;;;;;;;;0;7;24;1;;;;6;12;;;;;
48659;B;-;2017;B5_03;B5_03_05;RC;LOUV;LOUV;DESTINATION 1;17LDEST1PH;FRANCE;;;;;;;;;;0;7;24;1;;;;6;12;;;;;
48992;B;-;2017;B5_74;B5_74_04;RC;LOUV;LOUV;DESTINATION 2;17LDEST2PH;FRANCE;;;;;;;;;;0;7;36;1;;;;6;12;;;;;
42792;B;-;2016;B2_57;B2_57_04;RC;LOUV;LOUV;DESTINATION 2;16LDEStalon;FRANCE;;;;;;;;;;0;7;12;1;;;;6;12;;;;;
42795;B;-;2016;B2_02;B2_02_02;RC;LOUV;LOUV;DESTINATION 2;16LDEStalon;FRANCE;;;;;;;;;;0;7;21;1;;;;6;12;;;;;
42293;B;-;2016;B5_01;B5_01_04;RC;LOUV;LOUV;DESTINATION 2;16LDEStalon;FRANCE;;;;;;;;;;0;7;24;1;;;;6;12;;;;;
42287;B;-;2016;B5_54;B5_54_04;RC;LOUV;LOUV;DESTINATION 2;16LDEStalon;FRANCE;;;;;;;;;;0;7;24;1;;;;6;12;;;;;
42103;B;-;2016;B5_56;B5_56_02;RC;LOUV;LOUV;DESTINATION 2;16LDEStalon;FRANCE;;;;;;;;;;0;7;21;1;;;;6;12;;;;;
25994;O;H;2018;OR_GA;OR_GA_04;RC;PREM;;PREMESQUES;18PPREOHNTGRIM;FRANCE;NORD-PAS-DE-CALAIS;NORD;;;;50.6555;2.95212;50.6555;2.95212;1;7;10;1;;10BCN01_1R_001;RCB;8;80;;;;;
59406;O;P;2015;OR_ZA;OR_ZA_04;RC;PREM;;PREMESQUES;15RPREOPNT;FRANCE;NORD-PAS-DE-CALAIS;NORD;;;;50.6555;2.95212;50.6555;2.95212;1;7;10;2;;10BCN01_2R_001;RCB;8;78;;;;;
43268;S;-;2017;SG_AA;SG_AA_05;RC;GAIL;GAIL;VILLAMPUY;17GVIL_ESS;FRANCE;CENTRE;EURE-ET-LOIR;;;;48.03565;1.50986;48.03565;1.50986;1;7;20;2;;10BCN02_2R_001;RCB;11;24;;;;;
45779;O;H;2016;OR_HB;OR_HB_02;RC;PREM;PREM;CUPERLY;16RCOHCBNT;FRANCE;CHAMPAGNE-ARDENNE;MARNE;;;;49.06227;4.43092;49.06227;4.43092;1;7;20;2;;10BCN02_2R_001;RCB;8;80;;;;;
49270;O;H;2017;OR_HN;OR_HN_07;RC;PREM;;LOUVILLE-LA-CHENARD;17RLOUOHNT;FRANCE;CENTRE;EURE-ET-LOIR;;;;48.32784;1.78821;48.32784;1.78821;1;7;20;2;;10BCN02_2R_001;RCB;8;80;;;;;
45706;O;H;2016;OR_AK;OR_AK_04;RC;PREM;PREM;LOUVILLE-LA-CHENARD;16RLOHBBTT;FRANCE;CENTRE;EURE-ET-LOIR;;;;48.32784;1.78821;48.32784;1.78821;1;7;20;2;;10BCN02_2R_001;RCB;8;80;;;;;
43872;S;-;2017;SG_DA;SG_DA_05;RC;GAIL;GAIL;GAILLAC;17GGAI_ES2;FRANCE;MIDI-PYRÉNÉES;TARN;;;;43.90182;1.89651;43.90182;1.89651;1;7;20;2;;10BCN02_2R_003;RCB;11;24;;;;;
41306;S;-;2016;SG_DF;SG_DF_05;RC;GAIL;GAIL;GAILLAC;16GGAI_ESS;FRANCE;MIDI-PYRÉNÉES;TARN;;;;43.90182;1.89651;43.90182;1.89651;1;7;30;2;;10BCN03_2R_007;RCB;11;24;;;;;
41354;S;-;2016;SG_DI;SG_DI_05;RC;GAIL;GAIL;GAILLAC;16GGAI_ESS;FRANCE;MIDI-PYRÉNÉES;TARN;;;;43.90182;1.89651;43.90182;1.89651;0;7;30;2;;10BCN03_2R_010;RCB;11;24;;;;;
42602;S;-;2016;SG_EC;SG_EC_05;RC;GAIL;;GAILLAC;16GGAI_ESS;FRANCE;MIDI-PYRÉNÉES;TARN;;;;43.90182;1.89651;43.90182;1.89651;1;7;30;2;;10BCN03_2R_010;RCB;11;24;;;;;
21883;S;-;2018;SG_DF;SG_DF_05;RC;GAIL;;GAILLAC;18GGAI_ESS;FRANCE;MIDI-PYRÉNÉES;TARN;;43.91944;1.97861;43.90182;1.89651;43.91944;1.97861;1;7;30;2;;10BCN03_2R_014;RCB;11;24;;;;;
25830;O;H;2018;OR_HA;OR_HA_05;RC;PREM;;CUPERLY;18RCUPOHNT;FRANCE;CHAMPAGNE-ARDENNE;MARNE;;;;49.06227;4.43092;49.06227;4.43092;1;7;40;2;;10BCN04_2R_001;RCB;8;80;;;;;
58558;O;H;2015;OR_GA;OR_GA_05;RC;PREM;;PREMESQUES;15RPREOHNT6;FRANCE;NORD-PAS-DE-CALAIS;NORD;;;;50.6555;2.95212;50.6555;2.95212;0;7;11;2;;11BCN01_2R_005;RCB;8;80;;;;;
59260;B;-;2015;B2_05;B2_05_05;RC;LOUV;LOUV;BRETENIERE;15LBREPHEc;FRANCE;BOURGOGNE;CÔTE-D'OR;;;;47.24102;5.114;47.24102;5.114;0;7;12;3;;12APL01_3R3_002;LAD;6;12;;;;;
25823;B;-;2018;B5_24;B5_24_04;RC;LOUV;LOUV;LOUVILLE APHANO;18LLOUPHEcA;FRANCE;CENTRE;EURE-ET-LOIR;;;;48.32784;1.78821;48.32784;1.78821;0;7;12;4;;12APL01_4R4_001;LAD;6;12;;;;;
47734;O;H;2016;OR_FA;OR_FA_03;RC;PREM;PREM;ORSONVILLE;16RORSOH01;FRANCE;ÎLE-DE-FRANCE;YVELINES;;;;48.4765;1.83642;48.4765;1.83642;1;7;12;1;;12BCN01_1R_001;RCB;8;80;;;;;
41485;O;P;2016;OR_QK;OR_QK_04;RC;PREM;;PREMESQUES;16PPREOPTR;FRANCE;NORD-PAS-DE-CALAIS;NORD;;;;50.6555;2.95212;50.6555;2.95212;1;7;12;2;;12BCN01_2R_003;RCB;8;78;;;;;
42280;B;-;2016;B5_52;B5_52_05;RC;LOUV;LOUV;LOUVILLE-LA-CHENARD;16LLOUPHAl;FRANCE;CENTRE;EURE-ET-LOIR;;;;48.32784;1.78821;48.32784;1.78821;0;7;12;1;;06BCN02_1R_001;RCB;6;12;;;;;
42782;B;-;2016;B2_57;B2_57_05;RC;LOUV;LOUV;LOUVILLE-LA-CHENARD;16LLOUPHHr;FRANCE;CENTRE;EURE-ET-LOIR;;;;48.32784;1.78821;48.32784;1.78821;0;7;12;1;;06BCN02_1R_001;RCB;6;12;;;;;
44221;T;-;2016;TD_TC;TD_TC_50;RC;DRUE;;CHOLET;16CHOTR;FRANCE;PAYS DE LA LOIRE;MAINE-ET-LOIRE;;;;47.05941;-0.87979;47.05941;-0.87979;0;7;24;2;;12BCN02_2R_002;RCB;12;25;;;;;
44217;T;-;2016;TD_TD;TD_TD_09;RC;DRUE;;CHOLET;16CHOTR;FRANCE;PAYS DE LA LOIRE;MAINE-ET-LOIRE;;;;47.05941;-0.87979;47.05941;-0.87979;0;7;24;2;;12BCN02_2R_002;RCB;12;25;;;;;
58915;T;-;2015;TD_TK;TD_TK_05;RC;DRUE;;RIEUPEYROUX;15RIRA12;FRANCE;MIDI-PYRÉNÉES;AVEYRON;;;;44.30623;2.23632;44.30623;2.23632;1;7;24;2;;12BCN02_2R_002;RCB;12;25;;;;;
44240;T;-;2016;TD_TB;TD_TB_54;RC;DRUE;DRUE;NOUZERINES;16NOUTR;FRANCE;LIMOUSIN;CREUSE;;;;46.38885;2.10797;46.38885;2.10797;1;7;24;2;;12BCN02_2R_002;RCB;12;25;;;;;
46094;T;-;2017;TD_TG;TD_TG_54;RC;DRUE;;NOUZERINES;17NOUTR;FRANCE;LIMOUSIN;CREUSE;;;;46.38885;2.10797;46.38885;2.10797;1;7;24;2;;12BCN02_2R_002;RCB;12;25;;;;;
58410;O;H;2015;OR_HL;OR_HL_07;RC;PREM;;CUPERLY;15RCUPOHCBNT;FRANCE;CHAMPAGNE-ARDENNE;MARNE;;;;49.06227;4.43092;49.06227;4.43092;1;7;24;2;;12BCN02_2R_003;RCB;8;80;;;;;
58419;O;H;2015;OR_HN;OR_HN_07;RC;PREM;;CUPERLY;15RCUPOHCBNT;FRANCE;CHAMPAGNE-ARDENNE;MARNE;;;;49.06227;4.43092;49.06227;4.43092;1;7;24;2;;12BCN02_2R_003;RCB;8;80;;;;;
58489;O;H;2015;OR_HS;OR_HS_07;RC;PREM;;CUPERLY;15RCUPOHCBNT;FRANCE;CHAMPAGNE-ARDENNE;MARNE;;;;49.06227;4.43092;49.06227;4.43092;1;7;24;2;;12BCN02_2R_003;RCB;8;80;;;;;
58422;O;H;2015;OR_HJ;OR_HJ_08;RC;PREM;;CUPERLY;15RCUPOHCATT;FRANCE;CHAMPAGNE-ARDENNE;MARNE;;;;49.06227;4.43092;49.06227;4.43092;1;7;24;2;;12BCN02_2R_007;RCB;8;80;;;;;
25659;O;H;2018;OR_HL;OR_HL_02;RC;PREM;;LOUVILLE-LA-CHENARD;18RLOUOHNT;FRANCE;CENTRE;EURE-ET-LOIR;;;;48.32784;1.78821;48.32784;1.78821;1;7;24;2;;12BCN02_2R_007;RCB;8;80;;;;;
25644;O;H;2018;OR_HM;OR_HM_02;RC;PREM;;LOUVILLE-LA-CHENARD;18RLOUOHNT;FRANCE;CENTRE;EURE-ET-LOIR;;;;48.32784;1.78821;48.32784;1.78821;1;7;24;2;;12BCN02_2R_007;RCB;8;80;;;;;
46071;T;-;2017;TD_TD;TD_TD_03;RC;DRUE;;NOUZERINES;17NOUTR;FRANCE;LIMOUSIN;CREUSE;;;;46.38885;2.10797;46.38885;2.10797;1;7;36;2;;12BCN03_2R_004;RCB;12;25;;;;;
42392;O;P;2016;OR_PA;OR_PA_01;RC;PREM;;CUPERLY;16RCUPOPNT;FRANCE;CHAMPAGNE-ARDENNE;MARNE;;;;49.06227;4.43092;49.06227;4.43092;1;7;36;2;;12BCN03_2R_004;RCB;8;78;;;;;
59457;O;P;2015;OR_PA;OR_PA_01;RC;PREM;;LOUVILLE-LA-CHENARD;15RLOUOPTT;FRANCE;CENTRE;EURE-ET-LOIR;;;;48.32784;1.78821;48.32784;1.78821;1;7;36;2;;12BCN03_2R_006;RCB;8;78;;;;;
41481;O;P;2016;OR_ZA;OR_ZA_02;RC;PREM;;PREMESQUES;16PPREOPNT;FRANCE;NORD-PAS-DE-CALAIS;NORD;;;;50.6555;2.95212;50.6555;2.95212;1;7;13;2;;13BCN01_2R_001;RCB;8;78;;;;;
47862;O;P;2016;OR_ZA;OR_ZA_50;RC;PREM;;PITHIVIERS;16RPITOP01;FRANCE;CENTRE;LOIRET;;;;48.17342;2.25585;48.17342;2.25585;1;7;13;2;;13BCN01_2R_003;RCB;8;78;;;;;
46930;O;H;2017;OR_AK;OR_AK_04;RC;PREM;;MONTBARTIER;17MBTOH02TT;FRANCE;MIDI-PYRÉNÉES;TARN-ET-GARONNE;;;;43.91283;1.27238;43.91283;1.27238;1;7;13;2;;13BCN01_2R_004;RCB;8;80;;;;;
43842;O;P;2017;OR_QG;OR_QG_06;RC;PREM;;ATTRAY;17RATTOPTT;FRANCE;CENTRE;LOIRET;;;;48.12207;2.11242;48.12207;2.11242;1;7;26;2;;13BCN02_2R_001;RCB;8;78;;;;;
49473;O;H;2017;OR_AA;OR_AA_06;RC;PREM;;CUPERLY;17RCUPOHTT;FRANCE;CHAMPAGNE-ARDENNE;MARNE;;;;49.06227;4.43092;49.06227;4.43092;1;7;26;2;;13BCN02_2R_002;RCB;8;80;;;;;
46334;O;H;2017;OR_HP;OR_HP_05;RC;PREM;;PREMESQUES;17PREOHNT1;FRANCE;NORD-PAS-DE-CALAIS;NORD;;;;50.6555;2.95212;50.6555;2.95212;1;7;14;1;;14BCN01_1R_001;RCB;8;80;;;;;
43740;O;P;2017;OR_QF;OR_QF_04;RC;PREM;;PREMESQUES;17PREOPTR;FRANCE;NORD-PAS-DE-CALAIS;NORD;;;;50.6555;2.95212;50.6555;2.95212;0;7;14;2;;14BCN01_2R_002;RCB;8;78;;;;;
47005;S;-;2016;SG_EB;SG_EB_02;RC;GAIL;;COULOUME MONDEBAT;16GCOM_ESS;FRANCE;MIDI-PYRÉNÉES;GERS;;;;43.64085;0.09237;43.64085;0.09237;0;7;14;1;;07BCN02_1R_001;RCB;11;24;;;;;
58438;O;H;2015;OR_AG;OR_AG_07;RC;PREM;;MONTBARTIER;15RMONTOH01;FRANCE;MIDI-PYRÉNÉES;TARN-ET-GARONNE;;;;43.91283;1.27238;43.91283;1.27238;1;7;14;2;;14BCN01_2R_011;RCB;8;80;;;;;
44126;T;-;2016;TD_TU;TD_TU_04;RC;DRUE;;DRUELLE;16DRUTR;FRANCE;MIDI-PYRÉNÉES;AVEYRON;;;;44.35998;2.50531;44.35998;2.50531;0;7;28;2;;14BCN02_2R_002;RCB;12;25;;;;;
25775;T;-;2018;TD;TD_04;RC;DRUE;;CASTANET;18CAST;FRANCE;MIDI-PYRÉNÉES;AVEYRON;;;;44.27918;2.29029;44.27918;2.29029;0;7;28;2;;14BCN02_2R_002;RCB;12;25;;;;;
25791;T;-;2018;TH;TH_02;RC;DRUE;;NOUZERINES;18NOUZ;FRANCE;LIMOUSIN;CREUSE;;;;46.38885;2.10797;46.38885;2.10797;0;7;28;2;;14BCN02_2R_002;RCB;12;25;;;;;
58549;O;H;2015;OR_HE;OR_HE_05;RC;PREM;;PREMESQUES;15RPREOHNT6;FRANCE;NORD-PAS-DE-CALAIS;NORD;;;;50.6555;2.95212;50.6555;2.95212;1;7;15;2;;15APL01_2R2_001;LAD;8;80;;;;;
48451;B;-;2017;B2_05;B2_05_05;RC;LOUV;LOUV;BRETENIERE;17LBREPHHr;FRANCE;BOURGOGNE;CÔTE-D'OR;;;;47.24102;5.114;47.24102;5.114;1;7;15;3;;15APL01_3R3_001;LAD;6;12;;;;;
59975;B;-;2015;B2_02;B2_02_05;RC;LOUV;LOUV;LOUVILLE-LA-CHENARD;15LLOUPHHR;FRANCE;CENTRE;EURE-ET-LOIR;;;;48.32784;1.78821;48.32784;1.78821;0;7;15;3;;15APL01_3R3_002;LAD;6;12;;;;;
48412;B;-;2017;B2_54;B2_54_05;RC;LOUV;LOUV;LOUVILLE-LA-CHENARD;17LLOUPHHr;FRANCE;CENTRE;EURE-ET-LOIR;;;;48.32784;1.78821;48.32784;1.78821;1;7;15;3;;15APL01_3R3_002;LAD;6;12;;;;;
48457;B;-;2017;B2_05;B2_05_01;RC;LOUV;LOUV;MONS;17LMONPHHr;FRANCE;PICARDIE;SOMME;;;;43.57123;2.95629;43.57123;2.95629;1;7;15;3;;15APL01_3R3_003;LAD;6;12;;;;;
44195;O;H;2016;OR_AM;OR_AM_04;RC;PREM;PREM;MONTBARTIER;16MBTOH02;FRANCE;MIDI-PYRÉNÉES;TARN-ET-GARONNE;;;;43.91283;1.27238;43.91283;1.27238;0;7;15;2;;15BCN01_2R_004;RCB;8;80;;;;;
41772;S;-;2016;SG_P5;SG_P5_02;RC;GAIL;GAIL;COULOUME MONDEBAT;16GCOM_ESS;FRANCE;MIDI-PYRÉNÉES;GERS;;;;43.64085;0.09237;43.64085;0.09237;0;7;15;2;;15BCN01_2R_015;RCB;11;24;;;;;
44293;T;-;2016;TD_TJ;TD_TJ_05;RC;DRUE;;RIEUPEYROUX;16RIETR2;FRANCE;MIDI-PYRÉNÉES;AVEYRON;;;;44.30623;2.23632;44.30623;2.23632;1;7;30;2;;15BCN02_2R_002;RCB;12;25;;;;;
59178;O;H;2015;OR_HB;OR_HB_06;RC;PREM;;LEVROUX;15RLEVOH;FRANCE;CENTRE;INDRE;;;;46.97974;1.61473;46.97974;1.61473;1;7;16;2;;16BCN01_2R_002;RCB;8;80;;;;;
58542;O;H;2015;OR_HB;OR_HB_04;RC;PREM;;PREMESQUES;15RPREOHTR6;FRANCE;NORD-PAS-DE-CALAIS;NORD;;;;50.6555;2.95212;50.6555;2.95212;1;7;16;2;;16BCN01_2R_002;RCB;8;80;;;;;
44199;O;H;2016;OR_AA;OR_AA_09;RC;PREM;PREM;MONTBARTIER;16MBTOH02;FRANCE;MIDI-PYRÉNÉES;TARN-ET-GARONNE;;;;43.91283;1.27238;43.91283;1.27238;1;7;16;2;;16BCN01_2R_004;RCB;8;80;;;;;
25719;T;-;2018;TC;TC_50;RC;DRUE;;NOUZERINES;18NOUZ;FRANCE;LIMOUSIN;CREUSE;;;;46.38885;2.10797;46.38885;2.10797;0;7;32;2;;16BCN02_2R_001;RCB;12;25;;;;;
46042;T;-;2017;TD_TB;TD_TB_01;RC;DRUE;;RIEUPEYROUX;17RIETR;FRANCE;MIDI-PYRÉNÉES;AVEYRON;;;;44.30623;2.23632;44.30623;2.23632;1;7;32;2;;16BCN02_2R_001;RCB;12;25;;;;;
53684;O;H;2015;OR_FA;OR_FA_02;RC;PREM;;VERNEUIL-L'ETANG;15RVEROH01;FRANCE;ÎLE-DE-FRANCE;SEINE-ET-MARNE;;;;48.64506;2.83581;48.64506;2.83581;1;7;17;2;;17BCN01_2R_001;RCB;8;80;;;;;
25351;O;H;2018;OR_AA;OR_AA_06;RC;PREM;;PREMESQUES;18PPREOHHERRIN;FRANCE;NORD-PAS-DE-CALAIS;NORD;;;;50.6555;2.95212;50.6555;2.95212;0;7;17;2;;17BCN01_2R_001;RCB;8;80;;;;;
24566;O;H;2018;OR_AK;OR_AK_02;RC;PREM;;MONTBARTIER;18MBTOH02TT;FRANCE;MIDI-PYRÉNÉES;TARN-ET-GARONNE;;;;43.91283;1.27238;43.91283;1.27238;1;7;17;2;;17BCN01_2R_003;RCB;8;80;;;;;
24563;O;H;2018;OR_AL;OR_AL_05;RC;PREM;;MONTBARTIER;18MBTOH02TT;FRANCE;MIDI-PYRÉNÉES;TARN-ET-GARONNE;;;;43.91283;1.27238;43.91283;1.27238;1;7;17;2;;17BCN01_2R_003;RCB;8;80;;;;;
46992;O;H;2017;OR_AF;OR_AF_04;RC;PREM;;MONTBARTIER;17MBTOH02TT;FRANCE;MIDI-PYRÉNÉES;TARN-ET-GARONNE;;;;43.91283;1.27238;43.91283;1.27238;0;7;17;2;;17BCN01_2R_003;RCB;8;80;;;;;
42283;B;-;2016;B5_04;B5_04_04;RC;LOUV;LOUV;LEVROUX;16LLEVPHAl;FRANCE;CENTRE;INDRE;;;;46.97974;1.61473;46.97974;1.61473;1;7;18;3;;18APL01_3R3_002;LAD;6;12;;;;;
21147;O;P;2018;OR_PA;OR_PA_06;RC;PREM;;ATTRAY;18RATTOPNT;FRANCE;CENTRE;LOIRET;;;;48.12207;2.11242;48.12207;2.11242;0;7;36;2;;18APL02_2R2_001;LAD;8;78;;;;;
21161;O;P;2018;OR_PY;OR_PY_04;RC;PREM;;CUPERLY;18RCUPOPTT;FRANCE;CHAMPAGNE-ARDENNE;MARNE;;;;49.06227;4.43092;49.06227;4.43092;0;7;36;2;;18APL02_2R2_001;LAD;8;78;;;;;
21169;O;P;2018;OR_QA;OR_QA_04;RC;PREM;;CUPERLY;18RCUPOPTT;FRANCE;CHAMPAGNE-ARDENNE;MARNE;;;;49.06227;4.43092;49.06227;4.43092;0;7;36;2;;18APL02_2R2_001;LAD;8;78;;;;;
21171;O;P;2018;OR_PO;OR_PO_04;RC;PREM;;CUPERLY;18RCUPOPTT;FRANCE;CHAMPAGNE-ARDENNE;MARNE;;;;49.06227;4.43092;49.06227;4.43092;0;7;36;2;;18APL02_2R2_001;LAD;8;78;;;;;
21120;O;P;2018;OR_PC;OR_PC_04;RC;PREM;;CUPERLY;18RCUPOPTT;FRANCE;CHAMPAGNE-ARDENNE;MARNE;;;;49.06227;4.43092;49.06227;4.43092;0;7;36;2;;18APL02_2R2_001;LAD;8;78;;;;;
58107;O;H;2015;OR_HU;OR_HU_04;RC;PREM;;MONTBARTIER;15RMONOH02;FRANCE;MIDI-PYRÉNÉES;TARN-ET-GARONNE;;;;43.91283;1.27238;43.91283;1.27238;0;7;18;2;;18BCN01_2R_001;RCB;8;80;;;;;
46028;T;-;2017;TD_TC;TD_TC_05;RC;DRUE;;RIEUPEYROUX;17RIETR;FRANCE;MIDI-PYRÉNÉES;AVEYRON;;;;44.30623;2.23632;44.30623;2.23632;1;7;36;2;;18BCN02_2R_004;RCB;12;25;;;;;
25800;T;-;2018;TL;TL_05;RC;DRUE;;CASTANET;18CAST;FRANCE;MIDI-PYRÉNÉES;AVEYRON;;;;44.27918;2.29029;44.27918;2.29029;0;7;36;2;;18BCN02_2R_004;RCB;12;25;;;;;
25807;T;-;2018;TM;TM_05;RC;DRUE;;CASTANET;18CAST;FRANCE;MIDI-PYRÉNÉES;AVEYRON;;;;44.27918;2.29029;44.27918;2.29029;0;7;36;2;;18BCN02_2R_004;RCB;12;25;;;;;
25852;T;-;2018;TO;TO_05;RC;DRUE;;CASTANET;18CAST;FRANCE;MIDI-PYRÉNÉES;AVEYRON;;;;44.27918;2.29029;44.27918;2.29029;0;7;36;2;;18BCN02_2R_004;RCB;12;25;;;;;
25706;T;-;2018;TA;TA_01;RC;DRUE;;CASTANET;18CAST;FRANCE;MIDI-PYRÉNÉES;AVEYRON;;;;44.27918;2.29029;44.27918;2.29029;0;7;36;3;;18BCN02_3R_002;RCB;12;25;;;;;
25701;T;-;2018;TA;TA_05;RC;DRUE;;DRUELLE;18DRUE;FRANCE;MIDI-PYRÉNÉES;AVEYRON;;;;44.35998;2.50531;44.35998;2.50531;1;7;36;3;;18BCN02_3R_002;RCB;12;25;;;;;
58273;O;H;2015;OR_HT;OR_HT_04;RC;PREM;;MONTBARTIER;15RMONOHJno;FRANCE;MIDI-PYRÉNÉES;TARN-ET-GARONNE;;;;43.91283;1.27238;43.91283;1.27238;0;7;19;2;;19BCN01_2R_002;RCB;8;80;;;;;
58694;T;-;2015;TD_TC;TD_TC_54;RC;DRUE;;ANGERS;15ANBI49;FRANCE;PAYS DE LA LOIRE;MAINE-ET-LOIRE;;;;47.47842;-0.56317;47.47842;-0.56317;1;7;20;2;;20BCN01_2R_013;RCB;12;25;;;;;
58699;T;-;2015;TD_TD;TD_TD_07;RC;DRUE;;PREMESQUES;15PRRA59;FRANCE;NORD-PAS-DE-CALAIS;NORD;;;;50.6555;2.95212;50.6555;2.95212;1;7;20;2;;20BCN01_2R_013;RCB;12;25;;;;;
24597;O;H;2018;OR_AN;OR_AN_04;RC;PREM;;MONTBARTIER;18MBTOH01TT;FRANCE;MIDI-PYRÉNÉES;TARN-ET-GARONNE;;;;43.91283;1.27238;43.91283;1.27238;0;7;23;2;;23BCN01_2R_001;RCB;8;80;;;;;
45748;O;H;2016;OR_HL;OR_HL_02;RC;PREM;PREM;CUPERLY;16RCOHCBNT;FRANCE;CHAMPAGNE-ARDENNE;MARNE;;;;49.06227;4.43092;49.06227;4.43092;1;7;24;2;;24APL01_2R2_002;LAD;8;80;;;;;
45757;O;H;2016;OR_HI;OR_HI_01;RC;PREM;PREM;CUPERLY;16RCOHCATT;FRANCE;CHAMPAGNE-ARDENNE;MARNE;;;;49.06227;4.43092;49.06227;4.43092;1;7;24;2;;24APL01_2R2_003;LAD;8;80;;;;;
25869;O;H;2018;OR_AD;OR_AD_05;RC;PREM;;LOUVILLE-LA-CHENARD;18RLOUOHNT;FRANCE;CENTRE;EURE-ET-LOIR;;;;48.32784;1.78821;48.32784;1.78821;1;7;24;2;;24APL01_2R2_005;LAD;8;80;;;;;
58140;O;H;2015;OR_K3;OR_K3_05;RC;PREM;;MONTBARTIER;15RMONTOH04;FRANCE;MIDI-PYRÉNÉES;TARN-ET-GARONNE;;;;43.91283;1.27238;43.91283;1.27238;0;7;24;1;;24BCN01_1R_002;RCB;8;80;;;;;
44722;O;H;2016;OR_D5;OR_D5_05;RC;PREM;;MONTBARTIER;16MBTOH01;FRANCE;MIDI-PYRÉNÉES;TARN-ET-GARONNE;;;;43.91283;1.27238;43.91283;1.27238;0;7;24;1;;24BCN01_1R_002;RCB;8;80;;;;;
24150;O;H;2018;OR_H4;OR_H4_02;RC;PREM;;MONTBARTIER;18MBTOH02TT;FRANCE;MIDI-PYRÉNÉES;TARN-ET-GARONNE;;;;43.91283;1.27238;43.91283;1.27238;1;7;24;1;;24BCN01_1R_002;RCB;8;80;;;;;
46322;O;H;2017;OR_K8;OR_K8_05;RC;PREM;;MONTBARTIER;17MBTOH02TT;FRANCE;MIDI-PYRÉNÉES;TARN-ET-GARONNE;;;;43.91283;1.27238;43.91283;1.27238;0;7;24;1;;24BCN01_1R_002;RCB;8;80;;;;;
25163;B;-;2018;B5_64;B5_64_05;RC;LOUV;LOUV;LOUVILLE-LA-CHENARD;18LLOUPHEc;FRANCE;CENTRE;EURE-ET-LOIR;;;;48.32784;1.78821;48.32784;1.78821;0;7;24;1;;24BCN01_1R_002;RCB;6;12;;;;;
41607;B;-;2016;B1_45;B1_45_04;RC;LOUV;LOUV;LOUVILLE-LA-CHENARD;16LLOUPPCp;FRANCE;CENTRE;EURE-ET-LOIR;;;;48.32784;1.78821;48.32784;1.78821;0;7;24;1;;24BCN01_1R_002;RCB;6;12;;;;;
20299;B;-;2018;B5_54;B5_54_05;RC;LOUV;LOUV;LEVROUX;18LLEVPHEc;FRANCE;CENTRE;INDRE;;;;46.97974;1.61473;46.97974;1.61473;0;7;24;1;;24BCN01_1R_002;RCB;6;12;;;;;
42154;B;-;2016;B5_53;B5_53_05;RC;LOUV;LOUV;LEVROUX;16LLEVPHAl;FRANCE;CENTRE;INDRE;;;;46.97974;1.61473;46.97974;1.61473;0;7;24;1;;24BCN01_1R_002;RCB;6;12;;;;;
48652;B;-;2017;B5_54;B5_54_04;RC;LOUV;LOUV;LEVROUX;17LLEVPHAl;FRANCE;CENTRE;INDRE;;;;46.97974;1.61473;46.97974;1.61473;0;7;24;1;;24BCN01_1R_002;RCB;6;12;;;;;
48655;B;-;2017;B5_50;B5_50_04;RC;LOUV;LOUV;LEVROUX;17LLEVPHAl;FRANCE;CENTRE;INDRE;;;;46.97974;1.61473;46.97974;1.61473;0;7;24;1;;24BCN01_1R_002;RCB;6;12;;;;;
48654;B;-;2017;B5_55;B5_55_04;RC;LOUV;LOUV;LEVROUX;17LLEVPHAl;FRANCE;CENTRE;INDRE;;;;46.97974;1.61473;46.97974;1.61473;0;7;24;1;;24BCN01_1R_002;RCB;6;12;;;;;
48650;B;-;2017;B5_03;B5_03_04;RC;LOUV;LOUV;LEVROUX;17LLEVPHAl;FRANCE;CENTRE;INDRE;;;;46.97974;1.61473;46.97974;1.61473;0;7;24;1;;24BCN01_1R_002;RCB;6;12;;;;;
42238;B;-;2016;B5_56;B5_56_04;RC;LOUV;LOUV;LOUVILLE-LA-CHENARD;16LLOUPHAl;FRANCE;CENTRE;EURE-ET-LOIR;;;;48.32784;1.78821;48.32784;1.78821;0;7;24;1;;24BCN01_1R_002;RCB;6;12;;;;;
59758;B;-;2015;B5_51;B5_51_04;RC;LOUV;LOUV;LOUVILLE-LA-CHENARD;15LLOUPHAL;FRANCE;CENTRE;EURE-ET-LOIR;;;;48.32784;1.78821;48.32784;1.78821;0;7;24;1;;24BCN01_1R_002;RCB;6;12;;;;;
48608;B;-;2017;B5_51;B5_51_02;RC;LOUV;LOUV;LOUVILLE-LA-CHENARD;17LLOUPHAl;FRANCE;CENTRE;EURE-ET-LOIR;;;;48.32784;1.78821;48.32784;1.78821;0;7;24;1;;24BCN01_1R_002;RCB;6;12;;;;;
58642;O;H;2015;OR_K3;OR_K3_04;RC;PREM;;LOUVILLE-LA-CHENARD;15RLOUOHBOBNT;FRANCE;CENTRE;EURE-ET-LOIR;;;;48.32784;1.78821;48.32784;1.78821;0;7;24;1;;24BCN01_1R_002;RCB;8;80;;;;;
49814;O;H;2017;OR_K7;OR_K7_57;RC;PREM;;CUPERLY;17RCUPOHTT;FRANCE;CHAMPAGNE-ARDENNE;MARNE;;;;49.06227;4.43092;49.06227;4.43092;1;7;24;1;;24BCN01_1R_002;RCB;8;80;;;;;
49818;O;H;2017;OR_K7;OR_K7_53;RC;PREM;;CUPERLY;17RCUPOHTT;FRANCE;CHAMPAGNE-ARDENNE;MARNE;;;;49.06227;4.43092;49.06227;4.43092;1;7;24;1;;24BCN01_1R_002;RCB;8;80;;;;;
24667;O;H;2018;OR_G3;OR_G3_25;RC;PREM;;CUPERLY;18RCUPOHTT;FRANCE;CHAMPAGNE-ARDENNE;MARNE;;;;49.06227;4.43092;49.06227;4.43092;1;7;24;1;;24BCN01_1R_002;RCB;8;80;;;;;
45733;O;H;2016;OR_AF;OR_AF_02;RC;PREM;PREM;PREMESQUES;16PPREOHNT;FRANCE;NORD-PAS-DE-CALAIS;NORD;;;;50.6555;2.95212;50.6555;2.95212;1;7;24;1;;24BCN01_1R_002;RCB;8;80;;;;;
45839;O;H;2016;OR_HL;OR_HL_07;RC;PREM;PREM;PREMESQUES;16PPREOHNT2;FRANCE;NORD-PAS-DE-CALAIS;NORD;;;;50.6555;2.95212;50.6555;2.95212;1;7;24;1;;24BCN01_1R_002;RCB;8;80;;;;;
49650;O;H;2017;OR_K7;OR_K7_29;RC;PREM;;PREMESQUES;17PREOHGENOMALT;FRANCE;NORD-PAS-DE-CALAIS;NORD;;;;50.6555;2.95212;50.6555;2.95212;1;7;24;1;;24BCN01_1R_002;RCB;8;80;;;;;
49652;O;H;2017;OR_K7;OR_K7_10;RC;PREM;;PREMESQUES;17PREOHGENOMALT;FRANCE;NORD-PAS-DE-CALAIS;NORD;;;;50.6555;2.95212;50.6555;2.95212;1;7;24;1;;24BCN01_1R_002;RCB;8;80;;;;;
49657;O;H;2017;OR_K7;OR_K7_14;RC;PREM;;PREMESQUES;17PREOHGENOMALT;FRANCE;NORD-PAS-DE-CALAIS;NORD;;;;50.6555;2.95212;50.6555;2.95212;1;7;24;1;;24BCN01_1R_002;RCB;8;80;;;;;
49653;O;H;2017;OR_K7;OR_K7_17;RC;PREM;;PREMESQUES;17PREOHGENOMALT;FRANCE;NORD-PAS-DE-CALAIS;NORD;;;;50.6555;2.95212;50.6555;2.95212;1;7;24;1;;24BCN01_1R_002;RCB;8;80;;;;;
49645;O;H;2017;OR_K7;OR_K7_16;RC;PREM;;PREMESQUES;17PREOHGENOMALT;FRANCE;NORD-PAS-DE-CALAIS;NORD;;;;50.6555;2.95212;50.6555;2.95212;1;7;24;1;;24BCN01_1R_002;RCB;8;80;;;;;
25962;O;H;2018;OR_AG;OR_AG_01;RC;PREM;;PREMESQUES;18PPREOHNTGRIM;FRANCE;NORD-PAS-DE-CALAIS;NORD;;;;50.6555;2.95212;50.6555;2.95212;1;7;24;1;;24BCN01_1R_002;RCB;8;80;;;;;
25934;O;H;2018;OR_HK;OR_HK_08;RC;PREM;;PREMESQUES;18PPREOHNTGRIM;FRANCE;NORD-PAS-DE-CALAIS;NORD;;;;50.6555;2.95212;50.6555;2.95212;1;7;24;1;;24BCN01_1R_002;RCB;8;80;;;;;
25931;O;H;2018;OR_HL;OR_HL_08;RC;PREM;;PREMESQUES;18PPREOHNTGRIM;FRANCE;NORD-PAS-DE-CALAIS;NORD;;;;50.6555;2.95212;50.6555;2.95212;1;7;24;1;;24BCN01_1R_002;RCB;8;80;;;;;
25346;O;H;2018;OR_G3;OR_G3_05;RC;PREM;;PREMESQUES;18PPREOHTRESCO;FRANCE;NORD-PAS-DE-CALAIS;NORD;;;;50.6555;2.95212;50.6555;2.95212;1;7;24;1;;24BCN01_1R_002;RCB;8;80;;;;;
25329;O;H;2018;OR_G3;OR_G3_03;RC;PREM;;PREMESQUES;18PPREOHTRESCO;FRANCE;NORD-PAS-DE-CALAIS;NORD;;;;50.6555;2.95212;50.6555;2.95212;1;7;24;1;;24BCN01_1R_002;RCB;8;80;;;;;
25315;O;H;2018;OR_G3;OR_G3_54;RC;PREM;;PREMESQUES;18PPREOHTRESCO;FRANCE;NORD-PAS-DE-CALAIS;NORD;;;;50.6555;2.95212;50.6555;2.95212;1;7;24;1;;24BCN01_1R_002;RCB;8;80;;;;;
46399;O;H;2017;OR_HM;OR_HM_05;RC;PREM;;PREMESQUES;17PREOHNT1;FRANCE;NORD-PAS-DE-CALAIS;NORD;;;;50.6555;2.95212;50.6555;2.95212;1;7;24;1;;24BCN01_1R_002;RCB;8;80;;;;;
46390;O;H;2017;OR_HI;OR_HI_05;RC;PREM;;PREMESQUES;17PREOHNT1;FRANCE;NORD-PAS-DE-CALAIS;NORD;;;;50.6555;2.95212;50.6555;2.95212;1;7;24;1;;24BCN01_1R_002;RCB;8;80;;;;;
46394;O;H;2017;OR_HJ;OR_HJ_05;RC;PREM;;PREMESQUES;17PREOHNT1;FRANCE;NORD-PAS-DE-CALAIS;NORD;;;;50.6555;2.95212;50.6555;2.95212;1;7;24;1;;24BCN01_1R_002;RCB;8;80;;;;;
58434;O;H;2015;OR_AE;OR_AE_07;RC;PREM;;MONTBARTIER;15RMONTOH01;FRANCE;MIDI-PYRÉNÉES;TARN-ET-GARONNE;;;;43.91283;1.27238;43.91283;1.27238;1;7;24;2;;24BCN01_2R_003;RCB;8;80;;;;;
24587;O;H;2018;OR_AD;OR_AD_07;RC;PREM;;MONTBARTIER;18MBTOH02TT;FRANCE;MIDI-PYRÉNÉES;TARN-ET-GARONNE;;;;43.91283;1.27238;43.91283;1.27238;0;7;24;2;;24BCN01_2R_004;RCB;8;80;;;;;
58947;T;-;2015;TD_TG;TD_TG_01;RC;DRUE;;LAMBALLE;15LATR22;FRANCE;BRETAGNE;CÔTES-D'ARMOR;;;;48.46864;-2.51732;48.46864;-2.51732;1;7;24;2;;24BCN01_2R_005;RCB;12;25;;;;;
42269;B;-;2016;B5_07;B5_07_02;RC;LOUV;LOUV;LEVROUX;16LLEVPHAl;FRANCE;CENTRE;INDRE;;;;46.97974;1.61473;46.97974;1.61473;1;7;24;2;;24BCN01_2R_006;RCB;6;12;;;;;
48890;B;-;2017;B5_01;B5_01_04;RC;LOUV;LOUV;LEVROUX;17LLEVPHAl;FRANCE;CENTRE;INDRE;;;;46.97974;1.61473;46.97974;1.61473;1;7;24;2;;24BCN01_2R_006;RCB;6;12;;;;;
20274;B;-;2018;B5_07;B5_07_05;RC;LOUV;LOUV;LEVROUX;18LLEVPHEc;FRANCE;CENTRE;INDRE;;;;46.97974;1.61473;46.97974;1.61473;0;7;24;2;;24BCN01_2R_006;RCB;6;12;;;;;
59785;B;-;2015;B5_01;B5_01_05;RC;LOUV;LOUV;LEVROUX;15LLEVPHAL;FRANCE;CENTRE;INDRE;;;;46.97974;1.61473;46.97974;1.61473;1;7;24;2;;24BCN01_2R_006;RCB;6;12;;;;;
58429;O;H;2015;OR_HL;OR_HL_02;RC;PREM;;LOUVILLE-LA-CHENARD;15RLOUOHBBNT;FRANCE;CENTRE;EURE-ET-LOIR;;;;48.32784;1.78821;48.32784;1.78821;1;7;24;2;;24BCN01_2R_008;RCB;8;80;;;;;
58421;O;H;2015;OR_HK;OR_HK_02;RC;PREM;;LOUVILLE-LA-CHENARD;15RLOUOHBBNT;FRANCE;CENTRE;EURE-ET-LOIR;;;;48.32784;1.78821;48.32784;1.78821;1;7;24;2;;24BCN01_2R_008;RCB;8;80;;;;;
58409;O;H;2015;OR_HH;OR_HH_02;RC;PREM;;LOUVILLE-LA-CHENARD;15RLOUOHBOBNT;FRANCE;CENTRE;EURE-ET-LOIR;;;;48.32784;1.78821;48.32784;1.78821;1;7;24;2;;24BCN01_2R_008;RCB;8;80;;;;;
58576;O;H;2015;OR_HP;OR_HP_05;RC;PREM;;PREMESQUES;15RPREOHNT6;FRANCE;NORD-PAS-DE-CALAIS;NORD;;;;50.6555;2.95212;50.6555;2.95212;1;7;24;2;;24BCN01_2R_008;RCB;8;80;;;;;
58580;O;H;2015;OR_HQ;OR_HQ_05;RC;PREM;;PREMESQUES;15RPREOHNT6;FRANCE;NORD-PAS-DE-CALAIS;NORD;;;;50.6555;2.95212;50.6555;2.95212;1;7;24;2;;24BCN01_2R_008;RCB;8;80;;;;;
58582;O;H;2015;OR_HR;OR_HR_05;RC;PREM;;PREMESQUES;15RPREOHNT6;FRANCE;NORD-PAS-DE-CALAIS;NORD;;;;50.6555;2.95212;50.6555;2.95212;1;7;24;2;;24BCN01_2R_008;RCB;8;80;;;;;
58513;O;H;2015;OR_HM;OR_HM_04;RC;PREM;;PREMESQUES;15RPREOHTR6;FRANCE;NORD-PAS-DE-CALAIS;NORD;;;;50.6555;2.95212;50.6555;2.95212;1;7;24;2;;24BCN01_2R_009;RCB;8;80;;;;;
58521;O;H;2015;OR_HH;OR_HH_04;RC;PREM;;PREMESQUES;15RPREOHTR6;FRANCE;NORD-PAS-DE-CALAIS;NORD;;;;50.6555;2.95212;50.6555;2.95212;1;7;24;2;;24BCN01_2R_009;RCB;8;80;;;;;
58512;O;H;2015;OR_HK;OR_HK_04;RC;PREM;;PREMESQUES;15RPREOHTR6;FRANCE;NORD-PAS-DE-CALAIS;NORD;;;;50.6555;2.95212;50.6555;2.95212;1;7;24;2;;24BCN01_2R_009;RCB;8;80;;;;;
24945;O;H;2018;OR_HH;OR_HH_06;RC;PREM;;PROUVAIS;18RPROUOH;FRANCE;PICARDIE;AISNE;;;;49.46338;3.9763;49.46338;3.9763;1;7;24;2;;24BCN01_2R_010;RCB;8;80;;;;;
47165;O;H;2016;OR_HM;OR_HM_06;RC;PREM;PREM;PROUVAIS;16RPROUOH;FRANCE;PICARDIE;AISNE;;;;49.46338;3.9763;49.46338;3.9763;1;7;24;2;;24BCN01_2R_010;RCB;8;80;;;;;
47162;O;H;2016;OR_HO;OR_HO_06;RC;PREM;PREM;PROUVAIS;16RPROUOH;FRANCE;PICARDIE;AISNE;;;;49.46338;3.9763;49.46338;3.9763;1;7;24;2;;24BCN01_2R_010;RCB;8;80;;;;;
47189;O;H;2016;OR_HJ;OR_HJ_06;RC;PREM;PREM;PROUVAIS;16RPROUOH;FRANCE;PICARDIE;AISNE;;;;49.46338;3.9763;49.46338;3.9763;1;7;24;2;;24BCN01_2R_010;RCB;8;80;;;;;
44243;T;-;2016;TD_TC;TD_TC_07;RC;DRUE;;PREMESQUES;16PRETR;FRANCE;NORD-PAS-DE-CALAIS;NORD;;;;50.6555;2.95212;50.6555;2.95212;1;7;24;2;;24BCN01_2R_012;RCB;12;25;;;;;
44249;T;-;2016;TD_TC;TD_TC_01;RC;DRUE;;PONTIVY;16PONTR;FRANCE;BRETAGNE;MORBIHAN;;;;48.06615;-2.96706;48.06615;-2.96706;1;7;24;2;;24BCN01_2R_012;RCB;12;25;;;;;
46393;O;H;2017;OR_HM;OR_HM_04;RC;PREM;;PREMESQUES;17PREOHTR1;FRANCE;NORD-PAS-DE-CALAIS;NORD;;;;50.6555;2.95212;50.6555;2.95212;0;7;24;3;;24BCN01_3R_001;RCB;8;80;;;;;
46397;O;H;2017;OR_HK;OR_HK_04;RC;PREM;;PREMESQUES;17PREOHTR1;FRANCE;NORD-PAS-DE-CALAIS;NORD;;;;50.6555;2.95212;50.6555;2.95212;1;7;24;3;;24BCN01_3R_001;RCB;8;80;;;;;
25937;O;H;2018;OR_HM;OR_HM_07;RC;PREM;;PREMESQUES;18PPREOHTRESCO;FRANCE;NORD-PAS-DE-CALAIS;NORD;;;;50.6555;2.95212;50.6555;2.95212;1;7;24;3;;24BCN01_3R_001;RCB;8;80;;;;;
25996;O;H;2018;OR_HI;OR_HI_07;RC;PREM;;PREMESQUES;18PPREOHTRESCO;FRANCE;NORD-PAS-DE-CALAIS;NORD;;;;50.6555;2.95212;50.6555;2.95212;1;7;24;3;;24BCN01_3R_001;RCB;8;80;;;;;
25993;O;H;2018;OR_HJ;OR_HJ_07;RC;PREM;;PREMESQUES;18PPREOHTRESCO;FRANCE;NORD-PAS-DE-CALAIS;NORD;;;;50.6555;2.95212;50.6555;2.95212;1;7;24;3;;24BCN01_3R_001;RCB;8;80;;;;;
25997;O;H;2018;OR_HH;OR_HH_07;RC;PREM;;PREMESQUES;18PPREOHTRESCO;FRANCE;NORD-PAS-DE-CALAIS;NORD;;;;50.6555;2.95212;50.6555;2.95212;1;7;24;3;;24BCN01_3R_001;RCB;8;80;;;;;
45655;O;H;2016;OR_AD;OR_AD_01;RC;PREM;PREM;PREMESQUES;16PPREOHTR2;FRANCE;NORD-PAS-DE-CALAIS;NORD;;;;50.6555;2.95212;50.6555;2.95212;0;7;24;3;;24BCN01_3R_001;RCB;8;80;;;;;
49241;O;H;2017;OR_HH;OR_HH_07;RC;PREM;;LOUVILLE-LA-CHENARD;17RLOUOHNT;FRANCE;CENTRE;EURE-ET-LOIR;;;;48.32784;1.78821;48.32784;1.78821;1;7;24;2;;08BCN03_2R_001;RCB;8;80;;;;;
49222;O;H;2017;OR_HJ;OR_HJ_07;RC;PREM;;LOUVILLE-LA-CHENARD;17RLOUOHNT;FRANCE;CENTRE;EURE-ET-LOIR;;;;48.32784;1.78821;48.32784;1.78821;1;7;24;2;;08BCN03_2R_001;RCB;8;80;;;;;
49226;O;H;2017;OR_HK;OR_HK_07;RC;PREM;;LOUVILLE-LA-CHENARD;17RLOUOHNT;FRANCE;CENTRE;EURE-ET-LOIR;;;;48.32784;1.78821;48.32784;1.78821;1;7;24;2;;08BCN03_2R_001;RCB;8;80;;;;;
24682;O;H;2018;OR_G6;OR_G6_48;RC;PREM;;CUPERLY;18RCUPOHTT;FRANCE;CHAMPAGNE-ARDENNE;MARNE;;;;49.06227;4.43092;49.06227;4.43092;1;7;25;1;;25BCN01_1R_002;RCB;8;80;;;;;
24618;O;H;2018;OR_G6;OR_G6_03;RC;PREM;;CUPERLY;18RCUPOHTT;FRANCE;CHAMPAGNE-ARDENNE;MARNE;;;;49.06227;4.43092;49.06227;4.43092;1;7;25;1;;25BCN01_1R_003;RCB;8;80;;;;;
24651;O;H;2018;OR_H4;OR_H4_03;RC;PREM;;LOUVILLE-LA-CHENARD;18RLOUOHTT;FRANCE;CENTRE;EURE-ET-LOIR;;;;48.32784;1.78821;48.32784;1.78821;1;7;25;1;;25BCN01_1R_003;RCB;8;80;;;;;
42172;B;-;2016;B4_08;B4_08_07;RC;LOUV;LOUV;LOUVILLE-LA-CHENARD;16LLOUPPEc;FRANCE;CENTRE;EURE-ET-LOIR;;;;48.32784;1.78821;48.32784;1.78821;1;7;25;2;;25BCN01_2R_001;RCB;6;12;;;;;
24598;O;H;2018;OR_AO;OR_AO_05;RC;PREM;;MONTBARTIER;18MBTOH01TT;FRANCE;MIDI-PYRÉNÉES;TARN-ET-GARONNE;;;;43.91283;1.27238;43.91283;1.27238;0;7;25;2;;25BCN01_2R_001;RCB;8;80;;;;;
44168;O;H;2016;OR_OB;OR_OB_04;RC;PREM;PREM;MONTBARTIER;16MBTOH02;FRANCE;MIDI-PYRÉNÉES;TARN-ET-GARONNE;;;;43.91283;1.27238;43.91283;1.27238;1;7;25;2;;25BCN01_2R_002;RCB;8;80;;;;;
59533;O;P;2015;OR_QO;OR_QO_04;RC;PREM;;PREMESQUES;15RPREOPNT;FRANCE;NORD-PAS-DE-CALAIS;NORD;;;;50.6555;2.95212;50.6555;2.95212;0;7;25;2;;25BCN01_2R_014;RCB;8;78;;;;;
46368;O;H;2017;OR_HA;OR_HA_05;RC;PREM;;PREMESQUES;17PREOHNT1;FRANCE;NORD-PAS-DE-CALAIS;NORD;;;;50.6555;2.95212;50.6555;2.95212;1;7;28;1;;28BCN01_1R_002;RCB;8;80;;;;;
59538;O;P;2015;OR_QN;OR_QN_05;RC;PREM;;PREMESQUES;15RPREOPTR;FRANCE;NORD-PAS-DE-CALAIS;NORD;;;;50.6555;2.95212;50.6555;2.95212;0;7;28;2;;28BCN01_2R_002;RCB;8;78;;;;;
41477;O;P;2016;OR_QH;OR_QH_04;RC;PREM;;PREMESQUES;16PPREOPTR;FRANCE;NORD-PAS-DE-CALAIS;NORD;;;;50.6555;2.95212;50.6555;2.95212;0;7;28;2;;28BCN01_2R_002;RCB;8;78;;;;;
59537;O;P;2015;OR_QM;OR_QM_04;RC;PREM;;PREMESQUES;15RPREOPNT;FRANCE;NORD-PAS-DE-CALAIS;NORD;;;;50.6555;2.95212;50.6555;2.95212;0;7;28;2;;28BCN01_2R_003;RCB;8;78;;;;;
58900;T;-;2015;TD_TE;TD_TE_01;RC;DRUE;;PONTIVY;15POAN56TT;FRANCE;BRETAGNE;MORBIHAN;;;;48.06615;-2.96706;48.06615;-2.96706;1;7;28;2;;28BCN01_2R_013;RCB;12;25;;;;;
58559;O;H;2015;OR_OA;OR_OA_05;RC;PREM;;PREMESQUES;15RPREOHNT6;FRANCE;NORD-PAS-DE-CALAIS;NORD;;;;50.6555;2.95212;50.6555;2.95212;1;7;29;2;;29BCN01_2R_004;RCB;8;80;;;;;
21488;O;P;2018;OR_QC;OR_QC_05;RC;PREM;;PREMESQUES;18PPREOPTR;FRANCE;NORD-PAS-DE-CALAIS;NORD;;;;50.6555;2.95212;50.6555;2.95212;0;7;30;2;;30BCN01_2R_001;RCB;8;78;;;;;
45894;O;H;2016;OR_HU;OR_HU_05;RC;PREM;PREM;PREMESQUES;16PPREOHTR1;FRANCE;NORD-PAS-DE-CALAIS;NORD;;;;50.6555;2.95212;50.6555;2.95212;0;7;30;3;;30BCN01_3R_001;RCB;8;80;;;;;
45414;O;H;2016;OR_K6;OR_K6_05;RC;PREM;;PREMESQUES;16RPREOBSOH;FRANCE;NORD-PAS-DE-CALAIS;NORD;;;;50.6555;2.95212;50.6555;2.95212;0;7;32;1;;32BCN01_1R_002;RCB;8;80;;;;;
45238;O;H;2016;OR_G7;OR_G7_05;RC;PREM;;PREMESQUES;16RPREOBSOH;FRANCE;NORD-PAS-DE-CALAIS;NORD;;;;50.6555;2.95212;50.6555;2.95212;0;7;32;1;;32BCN01_1R_002;RCB;8;80;;;;;
45537;O;H;2016;OR_I2;OR_I2_05;RC;PREM;;PREMESQUES;16RPREOBSOH;FRANCE;NORD-PAS-DE-CALAIS;NORD;;;;50.6555;2.95212;50.6555;2.95212;0;7;32;1;;32BCN01_1R_002;RCB;8;80;;;;;
46024;T;-;2017;TD_TB;TD_TB_52;RC;DRUE;;CHOLET;17CHOTR;FRANCE;PAYS DE LA LOIRE;MAINE-ET-LOIRE;;;;47.05941;-0.87979;47.05941;-0.87979;1;7;32;2;;32BCN01_2R_002;RCB;12;25;;;;;
25714;T;-;2018;TC;TC_01;RC;DRUE;;CASTANET;18CAST;FRANCE;MIDI-PYRÉNÉES;AVEYRON;;;;44.27918;2.29029;44.27918;2.29029;0;7;32;2;;32BCN01_2R_002;RCB;12;25;;;;;
25711;T;-;2018;TC;TC_08;RC;DRUE;;PONTIVY;18PONT;FRANCE;BRETAGNE;MORBIHAN;;;;48.06615;-2.96706;48.06615;-2.96706;0;7;32;2;;32BCN01_2R_002;RCB;12;25;;;;;
46047;T;-;2017;TD_TB;TD_TB_08;RC;DRUE;;PONTIVY;17PONTR;FRANCE;BRETAGNE;MORBIHAN;;;;48.06615;-2.96706;48.06615;-2.96706;1;7;32;2;;32BCN01_2R_002;RCB;12;25;;;;;
58619;T;-;2015;TD_TA;TD_TA_50;RC;DRUE;;LAMBALLE;15LATR22;FRANCE;BRETAGNE;CÔTES-D'ARMOR;;;;48.46864;-2.51732;48.46864;-2.51732;1;7;34;3;;34BCN01_3R_001;RCB;12;25;;;;;
58501;O;H;2015;OR_AL;OR_AL_05;RC;PREM;;PREMESQUES;15RPREOHTR;FRANCE;NORD-PAS-DE-CALAIS;NORD;;;;50.6555;2.95212;50.6555;2.95212;0;7;35;2;;35BCN01_2R_001;RCB;8;80;;;;;
41025;O;P;2016;OR_PR;OR_PR_04;RC;PREM;;CUPERLY;16RCUPOPTT;FRANCE;CHAMPAGNE-ARDENNE;MARNE;;;;49.06227;4.43092;49.06227;4.43092;1;7;36;2;;36APL01_2R2_001;LAD;8;78;;;;;
41018;O;P;2016;OR_PY;OR_PY_04;RC;PREM;;CUPERLY;16RCUPOPTT;FRANCE;CHAMPAGNE-ARDENNE;MARNE;;;;49.06227;4.43092;49.06227;4.43092;1;7;36;2;;36APL01_2R2_001;LAD;8;78;;;;;
46754;O;P;2016;OR_QA;OR_QA_04;RC;PREM;;CUPERLY;16RCUPOPTT;FRANCE;CHAMPAGNE-ARDENNE;MARNE;;;;49.06227;4.43092;49.06227;4.43092;1;7;36;2;;36APL01_2R2_001;LAD;8;78;;;;;
49773;O;P;2017;OR_PP;OR_PP_05;RC;PREM;;CUPERLY;17RCUPOPTT;FRANCE;CHAMPAGNE-ARDENNE;MARNE;;;;49.06227;4.43092;49.06227;4.43092;1;7;36;2;;36APL01_2R2_001;LAD;8;78;;;;;
49723;O;P;2017;OR_PF;OR_PF_05;RC;PREM;;CUPERLY;17RCUPOPTT;FRANCE;CHAMPAGNE-ARDENNE;MARNE;;;;49.06227;4.43092;49.06227;4.43092;1;7;36;2;;36APL01_2R2_001;LAD;8;78;;;;;
41048;O;P;2016;OR_PP;OR_PP_05;RC;PREM;;LOUVILLE-LA-CHENARD;16RLOPBBTT;FRANCE;CENTRE;EURE-ET-LOIR;;;;48.32784;1.78821;48.32784;1.78821;1;7;36;2;;36APL01_2R2_002;LAD;8;78;;;;;
59471;O;P;2015;OR_PR;OR_PR_05;RC;PREM;;LOUVILLE-LA-CHENARD;15RLOUOPBBTT;FRANCE;CENTRE;EURE-ET-LOIR;;;;48.32784;1.78821;48.32784;1.78821;1;7;36;2;;36APL01_2R2_002;LAD;8;78;;;;;
59479;O;P;2015;OR_PT;OR_PT_05;RC;PREM;;LOUVILLE-LA-CHENARD;15RLOUOPBBTT;FRANCE;CENTRE;EURE-ET-LOIR;;;;48.32784;1.78821;48.32784;1.78821;1;7;36;2;;36APL01_2R2_002;LAD;8;78;;;;;
59489;O;P;2015;OR_PY;OR_PY_05;RC;PREM;;LOUVILLE-LA-CHENARD;15RLOUOPBBTT;FRANCE;CENTRE;EURE-ET-LOIR;;;;48.32784;1.78821;48.32784;1.78821;1;7;36;2;;36APL01_2R2_002;LAD;8;78;;;;;
59430;O;P;2015;OR_QJ;OR_QJ_05;RC;PREM;;LOUVILLE-LA-CHENARD;15RLOUOPBBTT;FRANCE;CENTRE;EURE-ET-LOIR;;;;48.32784;1.78821;48.32784;1.78821;1;7;36;2;;36APL01_2R2_002;LAD;8;78;;;;;
59419;O;P;2015;OR_PQ;OR_PQ_05;RC;PREM;;LOUVILLE-LA-CHENARD;15RLOUOPBBTT;FRANCE;CENTRE;EURE-ET-LOIR;;;;48.32784;1.78821;48.32784;1.78821;1;7;36;2;;36APL01_2R2_002;LAD;8;78;;;;;
21738;O;P;2018;OR_P5;OR_P5_28;RC;PREM;;LOUVILLE-LA-CHENARD;18RLOPBBTT;FRANCE;CENTRE;EURE-ET-LOIR;;;;48.32784;1.78821;48.32784;1.78821;0;7;36;1;;36BCN01_1R_001;RCB;8;78;;;;;
21804;O;P;2018;OR_P5;OR_P5_14;RC;PREM;;LOUVILLE-LA-CHENARD;18RLOPBBTT;FRANCE;CENTRE;EURE-ET-LOIR;;;;48.32784;1.78821;48.32784;1.78821;0;7;36;1;;36BCN01_1R_001;RCB;8;78;;;;;
21850;O;P;2018;OR_P5;OR_P5_70;RC;PREM;;LOUVILLE-LA-CHENARD;18RLOPBBTT;FRANCE;CENTRE;EURE-ET-LOIR;;;;48.32784;1.78821;48.32784;1.78821;0;7;36;1;;36BCN01_1R_001;RCB;8;78;;;;;
21854;O;P;2018;OR_P5;OR_P5_74;RC;PREM;;LOUVILLE-LA-CHENARD;18RLOPBBTT;FRANCE;CENTRE;EURE-ET-LOIR;;;;48.32784;1.78821;48.32784;1.78821;0;7;36;1;;36BCN01_1R_001;RCB;8;78;;;;;
22776;B;-;2018;B1_07;B1_07_04;RC;LOUV;LOUV;LOUVILLE-LA-CHENARD;18LLOUPPCpt;FRANCE;CENTRE;EURE-ET-LOIR;;;;48.32784;1.78821;48.32784;1.78821;0;7;36;1;;36BCN01_1R_001;RCB;6;12;;;;;
22715;B;-;2018;B1_47;B1_47_04;RC;LOUV;LOUV;LOUVILLE-LA-CHENARD;18LLOUPPCpt;FRANCE;CENTRE;EURE-ET-LOIR;;;;48.32784;1.78821;48.32784;1.78821;0;7;36;1;;36BCN01_1R_001;RCB;6;12;;;;;
22856;B;-;2018;B1_45;B1_45_04;RC;LOUV;LOUV;LOUVILLE-LA-CHENARD;18LLOUPPCpt;FRANCE;CENTRE;EURE-ET-LOIR;;;;48.32784;1.78821;48.32784;1.78821;0;7;36;1;;36BCN01_1R_001;RCB;6;12;;;;;
22818;B;-;2018;B1_44;B1_44_04;RC;LOUV;LOUV;LOUVILLE-LA-CHENARD;18LLOUPPCpt;FRANCE;CENTRE;EURE-ET-LOIR;;;;48.32784;1.78821;48.32784;1.78821;0;7;36;1;;36BCN01_1R_001;RCB;6;12;;;;;
53620;B;-;2015;B5_48;B5_48_05;RC;LOUV;LOUV;LOUVILLE-LA-CHENARD;15LLOUPHAL;FRANCE;CENTRE;EURE-ET-LOIR;;;;48.32784;1.78821;48.32784;1.78821;0;7;36;1;;36BCN01_1R_001;RCB;6;12;;;;;
48974;B;-;2017;B5_21;B5_21_05;RC;LOUV;LOUV;LOUVILLE-LA-CHENARD;17LLOUPHAl;FRANCE;CENTRE;EURE-ET-LOIR;;;;48.32784;1.78821;48.32784;1.78821;0;7;36;1;;36BCN01_1R_001;RCB;6;12;;;;;
48971;B;-;2017;B5_29;B5_29_05;RC;LOUV;LOUV;LOUVILLE-LA-CHENARD;17LLOUPHAl;FRANCE;CENTRE;EURE-ET-LOIR;;;;48.32784;1.78821;48.32784;1.78821;0;7;36;1;;36BCN01_1R_001;RCB;6;12;;;;;
41441;O;P;2016;OR_P4;OR_P4_22;RC;PREM;;LOUVILLE-LA-CHENARD;16RLOPOBS;FRANCE;CENTRE;EURE-ET-LOIR;;;;48.32784;1.78821;48.32784;1.78821;0;7;36;1;;36BCN01_1R_001;RCB;8;78;;;;;
41420;O;P;2016;OR_P4;OR_P4_23;RC;PREM;;LOUVILLE-LA-CHENARD;16RLOPOBS;FRANCE;CENTRE;EURE-ET-LOIR;;;;48.32784;1.78821;48.32784;1.78821;0;7;36;1;;36BCN01_1R_001;RCB;8;78;;;;;
41470;O;P;2016;OR_QF;OR_QF_05;RC;PREM;;PREMESQUES;16PPREOPTR;FRANCE;NORD-PAS-DE-CALAIS;NORD;;;;50.6555;2.95212;50.6555;2.95212;0;7;36;2;;36BCN01_2R_002;RCB;8;78;;;;;
21123;O;P;2018;OR_PH;OR_PH_05;RC;PREM;;LOUVILLE-LA-CHENARD;18RLOPBBTT;FRANCE;CENTRE;EURE-ET-LOIR;;;;48.32784;1.78821;48.32784;1.78821;0;7;36;2;;36BCN01_2R_002;RCB;8;78;;;;;
21116;O;P;2018;OR_PL;OR_PL_05;RC;PREM;;LOUVILLE-LA-CHENARD;18RLOPBBTT;FRANCE;CENTRE;EURE-ET-LOIR;;;;48.32784;1.78821;48.32784;1.78821;0;7;36;2;;36BCN01_2R_002;RCB;8;78;;;;;
21177;O;P;2018;OR_PP;OR_PP_05;RC;PREM;;LOUVILLE-LA-CHENARD;18RLOPBBTT;FRANCE;CENTRE;EURE-ET-LOIR;;;;48.32784;1.78821;48.32784;1.78821;0;7;36;2;;36BCN01_2R_002;RCB;8;78;;;;;
44296;T;-;2016;TD_TI;TD_TI_02;RC;DRUE;;PREMESQUES;16PRETR;FRANCE;NORD-PAS-DE-CALAIS;NORD;;;;50.6555;2.95212;50.6555;2.95212;1;7;36;2;;36BCN01_2R_016;RCB;12;25;;;;;
25736;T;-;2018;TK;TK_04;RC;DRUE;;PONTIVY;18PONT;FRANCE;BRETAGNE;MORBIHAN;;;;48.06615;-2.96706;48.06615;-2.96706;0;7;36;2;;36BCN01_2R_016;RCB;12;25;;;;;
46019;T;-;2017;TD_TD;TD_TD_02;RC;DRUE;;PONTIVY;17PONTR;FRANCE;BRETAGNE;MORBIHAN;;;;48.06615;-2.96706;48.06615;-2.96706;1;7;36;2;;36BCN01_2R_016;RCB;12;25;;;;;
46013;T;-;2017;TD_TD;TD_TD_01;RC;DRUE;;PONTIVY;17PONTR;FRANCE;BRETAGNE;MORBIHAN;;;;48.06615;-2.96706;48.06615;-2.96706;1;7;36;2;;36BCN01_2R_016;RCB;12;25;;;;;
44298;T;-;2016;TD_TI;TD_TI_04;RC;DRUE;;PONTIVY;16PONTR;FRANCE;BRETAGNE;MORBIHAN;;;;48.06615;-2.96706;48.06615;-2.96706;1;7;36;2;;36BCN01_2R_016;RCB;12;25;;;;;
25731;T;-;2018;TJ;TJ_02;RC;DRUE;;ANGERS;18ANGE;FRANCE;PAYS DE LA LOIRE;MAINE-ET-LOIRE;;;;47.47842;-0.56317;47.47842;-0.56317;0;7;36;2;;36BCN01_2R_016;RCB;12;25;;;;;
41202;B;-;2016;B4_25;B4_25_05;RC;LOUV;;LOUVILLE-LA-CHENARD;16LLOUPPEc;FRANCE;CENTRE;EURE-ET-LOIR;;;;48.32784;1.78821;48.32784;1.78821;0;7;36;3;;36BCN01_3R_001;RCB;6;12;;;;;
25834;O;H;2018;OR_HA;OR_HA_02;RC;PREM;;LOUVILLE-LA-CHENARD;18RLOHBANT;FRANCE;CENTRE;EURE-ET-LOIR;;;;48.32784;1.78821;48.32784;1.78821;1;7;37;2;;37BCN01_2R_001;RCB;8;80;;;;;
25832;O;H;2018;OR_HA;OR_HA_01;RC;PREM;;LOUVILLE-LA-CHENARD;18RLOHBATT;FRANCE;CENTRE;EURE-ET-LOIR;;;;48.32784;1.78821;48.32784;1.78821;1;7;37;2;;37BCN01_2R_002;RCB;8;80;;;;;
45830;O;H;2016;OR_HA;OR_HA_07;RC;PREM;PREM;PREMESQUES;16PPREOHNT2;FRANCE;NORD-PAS-DE-CALAIS;NORD;;;;50.6555;2.95212;50.6555;2.95212;1;7;40;1;;40BCN01_1R_001;RCB;8;80;;;;;
45775;O;H;2016;OR_AA;OR_AA_01;RC;PREM;PREM;CUPERLY;16RCOHCATT;FRANCE;CHAMPAGNE-ARDENNE;MARNE;;;;49.06227;4.43092;49.06227;4.43092;1;7;16;2;;04BCN04_2R_001;RCB;8;80;;;;;
42337;O;P;2016;OR_QG;OR_QG_05;RC;PREM;;LOUVILLE-LA-CHENARD;16RLOUOPTT;FRANCE;CENTRE;EURE-ET-LOIR;;;;48.32784;1.78821;48.32784;1.78821;1;7;5;2;;05BCN01_2R_001;RCB;8;78;;;;;
59846;S;-;2015;SG_SH;SG_SH_04;RC;GAIL;;GAILLAC;15GGAI_IRRI;FRANCE;MIDI-PYRÉNÉES;TARN;;;;43.90182;1.89651;43.90182;1.89651;0;7;15;2;;05BCN03_2R_001;RCB;11;24;;;;;
59908;S;-;2015;SG_EG;SG_EG_05;RC;GAIL;;GAILLAC;15GGAI_ESS;FRANCE;MIDI-PYRÉNÉES;TARN;;;;43.90182;1.89651;43.90182;1.89651;1;7;20;2;;05BCN04_2R_001;RCB;11;24;;;;;
49842;T;-;2017;TD_FD;TD_FD_05;RC;DRUE;;DRUELLE;17DRUCAUMELS;FRANCE;MIDI-PYRÉNÉES;AVEYRON;;;;44.35998;2.50531;44.35998;2.50531;0;7;20;1;;05BCN04_2R_001;RCB;12;25;;;;;
43511;O;P;2017;OR_QG;OR_QG_05;RC;PREM;;CUPERLY;17RCUPOPNT;FRANCE;CHAMPAGNE-ARDENNE;MARNE;;;;49.06227;4.43092;49.06227;4.43092;1;7;25;2;;05BCN05_2R_002;RCB;8;78;;;;;
59431;O;P;2015;OR_QL;OR_QL_07;RC;PREM;;CUPERLY;15RCUPOPTT;FRANCE;CHAMPAGNE-ARDENNE;MARNE;;;;49.06227;4.43092;49.06227;4.43092;1;7;6;2;;06BCN01_2R_003;RCB;8;78;;;;;
58536;O;H;2015;OR_HB;OR_HB_01;RC;PREM;;LOUVILLE-LA-CHENARD;15RLOUOHBATT;FRANCE;CENTRE;EURE-ET-LOIR;;;;48.32784;1.78821;48.32784;1.78821;1;7;18;2;;06BCN03_2R_002;RCB;8;80;;;;;
58636;T;-;2015;TD_TE;TD_TE_05;RC;DRUE;;RIEUPEYROUX;15RIRA12;FRANCE;MIDI-PYRÉNÉES;AVEYRON;;;;44.30623;2.23632;44.30623;2.23632;1;7;28;2;;07BCN04_2R_004;RCB;12;25;;;;;
25811;T;-;2018;VA;VA_05;RC;DRUE;;CASTANET;18CAST7X7;FRANCE;MIDI-PYRÉNÉES;AVEYRON;;;;44.27918;2.29029;44.27918;2.29029;0;7;49;1;;07LBC07_1R_002;BLS;12;25;;;;;
25818;T;-;2018;VB;VB_05;RC;DRUE;;CASTANET;18CAST7X7;FRANCE;MIDI-PYRÉNÉES;AVEYRON;;;;44.27918;2.29029;44.27918;2.29029;0;7;49;1;;07LBC07_1R_002;BLS;12;25;;;;;
25872;T;-;2018;VC;VC_05;RC;DRUE;;CASTANET;18CAST7X7;FRANCE;MIDI-PYRÉNÉES;AVEYRON;;;;44.27918;2.29029;44.27918;2.29029;0;7;49;1;;07LBC07_1R_002;BLS;12;25;;;;;
25332;T;-;2018;VW;VW_05;RC;DRUE;;CASTANET;18CAST7X7;FRANCE;MIDI-PYRÉNÉES;AVEYRON;;;;44.27918;2.29029;44.27918;2.29029;0;7;49;1;;07LBC07_1R_002;BLS;12;25;;;;;
58387;T;-;2015;TD_VB;TD_VB_04;RC;DRUE;;PONTIVY;15POAN56TT;FRANCE;BRETAGNE;MORBIHAN;;;;48.06615;-2.96706;48.06615;-2.96706;0;7;49;1;;07LBC07_1R_002;BLS;12;25;;;;;
58332;T;-;2015;TD_VM;TD_VM_04;RC;DRUE;;PONTIVY;15POAN56TT;FRANCE;BRETAGNE;MORBIHAN;;;;48.06615;-2.96706;48.06615;-2.96706;0;7;49;1;;07LBC07_1R_002;BLS;12;25;;;;;
58325;T;-;2015;TD_VR;TD_VR_04;RC;DRUE;;PONTIVY;15POAN56TT;FRANCE;BRETAGNE;MORBIHAN;;;;48.06615;-2.96706;48.06615;-2.96706;1;7;49;1;;07LBC07_1R_002;BLS;12;25;;;;;
58369;T;-;2015;TD_VF;TD_VF_04;RC;DRUE;;PONTIVY;15POAN56TT;FRANCE;BRETAGNE;MORBIHAN;;;;48.06615;-2.96706;48.06615;-2.96706;1;7;49;1;;07LBC07_1R_002;BLS;12;25;;;;;
58390;T;-;2015;TD_VG;TD_VG_04;RC;DRUE;;PONTIVY;15POAN56TT;FRANCE;BRETAGNE;MORBIHAN;;;;48.06615;-2.96706;48.06615;-2.96706;1;7;49;1;;07LBC07_1R_002;BLS;12;25;;;;;
46456;T;-;2017;TD_SG;TD_SG_05;RC;DRUE;;PONTIVY;17PONTR;FRANCE;BRETAGNE;MORBIHAN;;;;48.06615;-2.96706;48.06615;-2.96706;1;7;49;1;;07LBC07_1R_002;BLS;12;25;;;;;
46583;T;-;2017;TD_VL;TD_VL_05;RC;DRUE;;RIEUPEYROUX;17RIETR;FRANCE;MIDI-PYRÉNÉES;AVEYRON;;;;44.30623;2.23632;44.30623;2.23632;1;7;49;1;;07LBC07_1R_002;BLS;12;25;;;;;
46562;T;-;2017;TD_VN;TD_VN_05;RC;DRUE;;RIEUPEYROUX;17RIETR;FRANCE;MIDI-PYRÉNÉES;AVEYRON;;;;44.30623;2.23632;44.30623;2.23632;1;7;49;1;;07LBC07_1R_002;BLS;12;25;;;;;
46592;T;-;2017;TD_VS;TD_VS_05;RC;DRUE;;RIEUPEYROUX;17RIETR;FRANCE;MIDI-PYRÉNÉES;AVEYRON;;;;44.30623;2.23632;44.30623;2.23632;1;7;49;1;;07LBC07_1R_002;BLS;12;25;;;;;
46532;T;-;2017;TD_VX;TD_VX_05;RC;DRUE;;RIEUPEYROUX;17RIETR;FRANCE;MIDI-PYRÉNÉES;AVEYRON;;;;44.30623;2.23632;44.30623;2.23632;1;7;49;1;;07LBC07_1R_002;BLS;12;25;;;;;
58334;T;-;2015;TD_VM;TD_VM_05;RC;DRUE;;RIEUPEYROUX;15RIRA12;FRANCE;MIDI-PYRÉNÉES;AVEYRON;;;;44.30623;2.23632;44.30623;2.23632;1;7;49;1;;07LBC07_1R_002;BLS;12;25;;;;;
58379;T;-;2015;TD_SD;TD_SD_05;RC;DRUE;;RIEUPEYROUX;15RIRA12;FRANCE;MIDI-PYRÉNÉES;AVEYRON;;;;44.30623;2.23632;44.30623;2.23632;1;7;49;1;;07LBC07_1R_002;BLS;12;25;;;;;
46400;T;-;2017;TD_SA;TD_SA_05;RC;DRUE;;DRUELLE;17DRUCAUMELS;FRANCE;MIDI-PYRÉNÉES;AVEYRON;;;;44.35998;2.50531;44.35998;2.50531;1;7;49;1;;07LBC07_1R_002;BLS;12;25;;;;;
46404;T;-;2017;TD_SB;TD_SB_05;RC;DRUE;;DRUELLE;17DRUCAUMELS;FRANCE;MIDI-PYRÉNÉES;AVEYRON;;;;44.35998;2.50531;44.35998;2.50531;1;7;49;1;;07LBC07_1R_002;BLS;12;25;;;;;
42586;T;-;2016;TD_VP;TD_VP_05;RC;DRUE;;RIEUPEYROUX;16RIETR2;FRANCE;MIDI-PYRÉNÉES;AVEYRON;;;;44.30623;2.23632;44.30623;2.23632;0;7;49;1;;07LPB07_1R_001;PBL;12;25;;;;;
42566;T;-;2016;TD_VU;TD_VU_05;RC;DRUE;;RIEUPEYROUX;16RIETR2;FRANCE;MIDI-PYRÉNÉES;AVEYRON;;;;44.30623;2.23632;44.30623;2.23632;0;7;49;1;;07LPB07_1R_001;PBL;12;25;;;;;
42592;T;-;2016;TD_VX;TD_VX_05;RC;DRUE;;RIEUPEYROUX;16RIETR2;FRANCE;MIDI-PYRÉNÉES;AVEYRON;;;;44.30623;2.23632;44.30623;2.23632;1;7;49;1;;07LPB07_1R_001;PBL;12;25;;;;;
21797;O;P;2018;OR_ZA;OR_ZA_04;RC;PREM;;LOUVILLE-LA-CHENARD;18RLOUOPTT;FRANCE;CENTRE;EURE-ET-LOIR;;;;48.32784;1.78821;48.32784;1.78821;0;7;8;2;;08BCN01_2R_003;RCB;8;78;;;;;
58917;T;-;2015;TD_TL;TD_TL_04;RC;DRUE;;DRUELLE;15DRRA12;FRANCE;MIDI-PYRÉNÉES;AVEYRON;;;;44.35998;2.50531;44.35998;2.50531;0;7;8;2;;08BCN01_2R_004;RCB;12;25;;;;;
56983;S;-;2015;SG_BA;SG_BA_06;RC;GAIL;;MOSONMAGYAROVAR;15GMOS_ESS;HUNGARY;GYOR-MOSON-SOPRON;MOSONMAGYARÓVÁR;;;;47.86815;17.26892;47.86815;17.26892;1;7;16;1;;08BCN02_1R_001;RCB;11;24;;;;;
43662;S;-;2017;SG_EB;SG_EB_02;RC;GAIL;GAIL;COULOUME MONDEBAT;17GCOM_ESS;FRANCE;MIDI-PYRÉNÉES;GERS;;;;43.64085;0.09237;43.64085;0.09237;1;7;16;1;;08BCN02_1R_003;RCB;11;24;;;;;
56980;S;-;2015;SG_AA;SG_AA_01;RC;GAIL;;VILLAMPUY;15GVIL_ESS;FRANCE;CENTRE;EURE-ET-LOIR;;;;48.03565;1.50986;48.03565;1.50986;1;7;16;2;;08BCN02_2R_004;RCB;11;24;;;;;
44247;T;-;2016;TD_TC;TD_TC_05;RC;DRUE;;RIEUPEYROUX;16RIETR2;FRANCE;MIDI-PYRÉNÉES;AVEYRON;;;;44.30623;2.23632;44.30623;2.23632;1;7;24;2;;08BCN03_2R_002;RCB;12;25;;;;;
44255;T;-;2016;TD_TB;TD_TB_02;RC;DRUE;DRUE;RIEUPEYROUX;16RIETR2;FRANCE;MIDI-PYRÉNÉES;AVEYRON;;;;44.30623;2.23632;44.30623;2.23632;1;7;24;2;;08BCN03_2R_002;RCB;12;25;;;;;
43452;O;P;2017;OR_PX;OR_PX_05;RC;PREM;;CUPERLY;17RCUPOPTT;FRANCE;CHAMPAGNE-ARDENNE;MARNE;;;;49.06227;4.43092;49.06227;4.43092;1;7;36;2;;09BCN04_2R_001;RCB;8;78;;;;;
43457;O;P;2017;OR_PY;OR_PY_05;RC;PREM;;CUPERLY;17RCUPOPTT;FRANCE;CHAMPAGNE-ARDENNE;MARNE;;;;49.06227;4.43092;49.06227;4.43092;1;7;36;2;;09BCN04_2R_001;RCB;8;78;;;;;
58537;O;H;2015;OR_HA;OR_HA_01;RC;PREM;;LOUVILLE-LA-CHENARD;15RLOUOHBATT;FRANCE;CENTRE;EURE-ET-LOIR;;;;48.32784;1.78821;48.32784;1.78821;1;7;36;2;;09BCN04_2R_002;RCB;8;80;;;;;
25751;T;-;2018;TA;TA_55;RC;DRUE;;NOUZERINES;18NOUZ;FRANCE;LIMOUSIN;CREUSE;;;;46.38885;2.10797;46.38885;2.10797;1;7;36;3;;09BCN04_3R_001;RCB;12;25;;;;;
42186;B;-;2016;B4_02;B4_02_05;RC;LOUV;LOUV;LOUVILLE-LA-CHENARD;16LLOUPPEc;FRANCE;CENTRE;EURE-ET-LOIR;;;;48.32784;1.78821;48.32784;1.78821;1;7;36;2;;12LPB03_2R_001;PBL;6;12;;;;;
42191;B;-;2016;B4_45;B4_45_02;RC;LOUV;LOUV;LOUVILLE-LA-CHENARD;16LLOUPPEc;FRANCE;CENTRE;EURE-ET-LOIR;;;;48.32784;1.78821;48.32784;1.78821;1;7;36;2;;12LPB03_2R_001;PBL;6;12;;;;;
42259;B;-;2016;B5_73;B5_73_04;RC;LOUV;LOUV;LOUVILLE-LA-CHENARD;16LLOUPH6m;FRANCE;CENTRE;EURE-ET-LOIR;;;;48.32784;1.78821;48.32784;1.78821;0;7;36;2;;12LPB03_2R_001;PBL;6;12;;;;;
42174;B;-;2016;B4_07;B4_07_07;RC;LOUV;LOUV;LOUVILLE-LA-CHENARD;16LLOUPPEc;FRANCE;CENTRE;EURE-ET-LOIR;;;;48.32784;1.78821;48.32784;1.78821;0;7;36;2;;12LPB03_2R_001;PBL;6;12;;;;;
53008;B;-;2015;B4_51;B4_51_02;RC;LOUV;LOUV;LOUVILLE-LA-CHENARD;15LLOUPPEc;FRANCE;CENTRE;EURE-ET-LOIR;;;;48.32784;1.78821;48.32784;1.78821;1;7;36;2;;12LPB03_2R_001;PBL;6;12;;;;;
53001;B;-;2015;B4_54;B4_54_02;RC;LOUV;LOUV;LOUVILLE-LA-CHENARD;15LLOUPPEc;FRANCE;CENTRE;EURE-ET-LOIR;;;;48.32784;1.78821;48.32784;1.78821;1;7;36;2;;12LPB03_2R_001;PBL;6;12;;;;;
59435;O;P;2015;OR_QJ;OR_QJ_04;RC;PREM;;CUPERLY;15RCUPOPTT;FRANCE;CHAMPAGNE-ARDENNE;MARNE;;;;49.06227;4.43092;49.06227;4.43092;1;7;36;2;;06LPB06_2R_002;PBL;8;78;;;;;
53089;B;-;2015;B4_04;B4_04_02;RC;LOUV;LOUV;FOUCHERES;15LFOUPPEc;FRANCE;CHAMPAGNE-ARDENNE;AUBE;;;;48.15364;4.26666;48.15364;4.26666;1;7;36;2;;12LPB03_2R_002;PBL;6;12;;;;;
53060;B;-;2015;B4_02;B4_02_02;RC;LOUV;LOUV;FOUCHERES;15LFOUPPEc;FRANCE;CHAMPAGNE-ARDENNE;AUBE;;;;48.15364;4.26666;48.15364;4.26666;1;7;36;2;;12LPB03_2R_002;PBL;6;12;;;;;
53021;B;-;2015;B4_56;B4_56_02;RC;LOUV;LOUV;FOUCHERES;15LFOUPPEc;FRANCE;CHAMPAGNE-ARDENNE;AUBE;;;;48.15364;4.26666;48.15364;4.26666;1;7;36;2;;12LPB03_2R_002;PBL;6;12;;;;;
53087;B;-;2015;B4_04;B4_04_08;RC;LOUV;LOUV;JALONS;15LJALPPEc;FRANCE;CHAMPAGNE-ARDENNE;MARNE;;;;49.01016;4.18659;49.01016;4.18659;0;7;36;2;;12LPB03_2R_003;PBL;6;12;;;;;
42164;B;-;2016;B4_04;B4_04_01;RC;LOUV;LOUV;JALONS;16LJALPPEc;FRANCE;CHAMPAGNE-ARDENNE;MARNE;;;;49.01016;4.18659;49.01016;4.18659;1;7;36;2;;12LPB03_2R_003;PBL;6;12;;;;;
22095;B;-;2018;B4_07;B4_07_09;RC;LOUV;LOUV;CATILLON FUMECHON;18LCATPPEc;FRANCE;PICARDIE;OISE;;;;49.52897;2.38355;49.52897;2.38355;0;7;36;2;;12LPB03_2R_004;PBL;6;12;;;;;
59378;B;-;2015;B4_05;B4_05_02;RC;LOUV;LOUV;CATILLON FUMECHON;15LCATPPEc;FRANCE;PICARDIE;OISE;;;;49.52897;2.38355;49.52897;2.38355;1;7;36;2;;12LPB03_2R_004;PBL;6;12;;;;;
42126;B;-;2016;B4_05;B4_05_05;RC;LOUV;LOUV;AIGREFEUILLE D AUNIS;16LAIGPPEc;FRANCE;POITOU-CHARENTES;CHARENTE-MARITIME;;;;46.11591;-0.93499;46.11591;-0.93499;1;7;36;2;;18LPB02_2R_002;PBL;6;12;;;;;
22099;B;-;2018;B4_05;B4_05_05;RC;LOUV;LOUV;AIGREFEUILLE D AUNIS;18LAIGPPEc;FRANCE;POITOU-CHARENTES;CHARENTE-MARITIME;;;;46.11591;-0.93499;46.11591;-0.93499;1;7;36;2;;18LPB02_2R_002;PBL;6;12;;;;;
49462;B;-;2017;B4_05;B4_05_05;RC;LOUV;LOUV;AIGREFEUILLE D AUNIS;17LAIGPPEc;FRANCE;POITOU-CHARENTES;CHARENTE-MARITIME;;;;46.11591;-0.93499;46.11591;-0.93499;0;7;36;2;;18LPB02_2R_002;PBL;6;12;;;;;
22860;B;-;2018;B4_06;B4_06_01;RC;LOUV;LOUV;LOUVILLE-LA-CHENARD;18LLOUPPEc;FRANCE;CENTRE;EURE-ET-LOIR;;;;48.32784;1.78821;48.32784;1.78821;0;7;25;2;;25BCN01_2R_018;RCB;6;12;;;;;
49489;B;-;2017;B4_05;B4_05_55;RC;LOUV;LOUV;LOUVILLE-LA-CHENARD;17LLOUPPEc;FRANCE;CENTRE;EURE-ET-LOIR;;;;48.32784;1.78821;48.32784;1.78821;1;7;36;2;;18LPB02_2R_003;PBL;6;12;;;;;
53826;B;-;2015;B1_02;B1_02_04;RC;LOUV;LOUV;LOUVILLE-LA-CHENARD;15LLOUPPCp;FRANCE;CENTRE;EURE-ET-LOIR;;;;48.32784;1.78821;48.32784;1.78821;0;7;36;1;;18BCN02_1R_003;RCB;6;12;;;;;
53842;B;-;2015;B1_13;B1_13_04;RC;LOUV;LOUV;LOUVILLE-LA-CHENARD;15LLOUPPCp;FRANCE;CENTRE;EURE-ET-LOIR;;;;48.32784;1.78821;48.32784;1.78821;0;7;36;1;;18BCN02_1R_003;RCB;6;12;;;;;
53818;B;-;2015;B1_03;B1_03_04;RC;LOUV;LOUV;LOUVILLE-LA-CHENARD;15LLOUPPCp;FRANCE;CENTRE;EURE-ET-LOIR;;;;48.32784;1.78821;48.32784;1.78821;0;7;36;1;;18BCN02_1R_003;RCB;6;12;;;;;
53867;B;-;2015;B1_54;B1_54_04;RC;LOUV;LOUV;LOUVILLE-LA-CHENARD;15LLOUPPCp;FRANCE;CENTRE;EURE-ET-LOIR;;;;48.32784;1.78821;48.32784;1.78821;0;7;36;1;;18BCN02_1R_003;RCB;6;12;;;;;
53841;B;-;2015;B1_25;B1_25_04;RC;LOUV;LOUV;LOUVILLE-LA-CHENARD;15LLOUPPCp;FRANCE;CENTRE;EURE-ET-LOIR;;;;48.32784;1.78821;48.32784;1.78821;0;7;36;1;;18BCN02_1R_003;RCB;6;12;;;;;
59344;B;-;2015;B4_03;B4_03_05;RC;LOUV;LOUV;LOUVILLE-LA-CHENARD;15LLOUPPEc;FRANCE;CENTRE;EURE-ET-LOIR;;;;48.32784;1.78821;48.32784;1.78821;0;7;18;3;;18APL01_3R3_003;LAD;6;12;;;;;
58635;T;-;2015;TD_TD;TD_TD_09;RC;DRUE;;LAMBALLE;15LATR22;FRANCE;BRETAGNE;CÔTES-D'ARMOR;;;;48.46864;-2.51732;48.46864;-2.51732;1;7;20;2;;20BCN01_2R_021;RCB;12;25;;;;;
53215;B;-;2015;B4_42;B4_42_04;RC;LOUV;LOUV;LOUVILLE-LA-CHENARD;15LLOUPPEc;FRANCE;CENTRE;EURE-ET-LOIR;;;;48.32784;1.78821;48.32784;1.78821;0;7;36;3;;06BCN06_3R_001;RCB;6;12;;;;;
42290;B;-;2016;B5_06;B5_06_02;RC;LOUV;LOUV;LEVROUX;16LLEVPHAl;FRANCE;CENTRE;INDRE;;;;46.97974;1.61473;46.97974;1.61473;1;7;12;2;;12BCN01_2R_020;RCB;6;12;;;;;
56398;O;P;2015;OR_P5;OR_P5_15;RC;PREM;;LOUVILLE-LA-CHENARD;15RLOUOPOBS;FRANCE;CENTRE;EURE-ET-LOIR;;;;48.32784;1.78821;48.32784;1.78821;0;7;34;1;;34BCN01_1R_001;RCB;8;78;;;;;
56332;O;P;2015;OR_P5;OR_P5_19;RC;PREM;;LOUVILLE-LA-CHENARD;15RLOUOPOBS;FRANCE;CENTRE;EURE-ET-LOIR;;;;48.32784;1.78821;48.32784;1.78821;0;7;34;1;;34BCN01_1R_001;RCB;8;78;;;;;
56331;O;P;2015;OR_P5;OR_P5_13;RC;PREM;;LOUVILLE-LA-CHENARD;15RLOUOPOBS;FRANCE;CENTRE;EURE-ET-LOIR;;;;48.32784;1.78821;48.32784;1.78821;0;7;34;1;;34BCN01_1R_001;RCB;8;78;;;;;
56338;O;P;2015;OR_P5;OR_P5_75;RC;PREM;;LOUVILLE-LA-CHENARD;15RLOUOPOBS;FRANCE;CENTRE;EURE-ET-LOIR;;;;48.32784;1.78821;48.32784;1.78821;0;7;34;1;;34BCN01_1R_001;RCB;8;78;;;;;
59008;O;P;2015;OR_P5;OR_P5_85;RC;PREM;;LOUVILLE-LA-CHENARD;15RLOUOPOBS;FRANCE;CENTRE;EURE-ET-LOIR;;;;48.32784;1.78821;48.32784;1.78821;0;7;34;1;;34BCN01_1R_001;RCB;8;78;;;;;
59056;O;P;2015;OR_P5;OR_P5_64;RC;PREM;;LOUVILLE-LA-CHENARD;15RLOUOPOBS;FRANCE;CENTRE;EURE-ET-LOIR;;;;48.32784;1.78821;48.32784;1.78821;0;7;34;1;;34BCN01_1R_001;RCB;8;78;;;;;
56162;O;P;2015;OR_P5;OR_P5_58;RC;PREM;;PREMESQUES;15RPREOPOBS;FRANCE;NORD-PAS-DE-CALAIS;NORD;;;;50.6555;2.95212;50.6555;2.95212;0;7;34;1;;34BCN01_1R_001;RCB;8;78;;;;;
56166;O;P;2015;OR_P5;OR_P5_40;RC;PREM;;PREMESQUES;15RPREOPOBS;FRANCE;NORD-PAS-DE-CALAIS;NORD;;;;50.6555;2.95212;50.6555;2.95212;0;7;34;1;;34BCN01_1R_001;RCB;8;78;;;;;
56136;O;P;2015;OR_P5;OR_P5_10;RC;PREM;;PREMESQUES;15RPREOPOBS;FRANCE;NORD-PAS-DE-CALAIS;NORD;;;;50.6555;2.95212;50.6555;2.95212;0;7;34;1;;34BCN01_1R_001;RCB;8;78;;;;;
21770;O;P;2018;OR_P5;OR_P5_06;RC;PREM;;PREMESQUES;18PPREOPOBS;FRANCE;NORD-PAS-DE-CALAIS;NORD;;;;50.6555;2.95212;50.6555;2.95212;0;7;46;1;;46BCN01_1R_001;RCB;8;78;;;;;
21781;O;P;2018;OR_P5;OR_P5_45;RC;PREM;;PREMESQUES;18PPREOPOBS;FRANCE;NORD-PAS-DE-CALAIS;NORD;;;;50.6555;2.95212;50.6555;2.95212;0;7;46;1;;46BCN01_1R_001;RCB;8;78;;;;;
48361;O;H;2017;OR_I9;OR_I9_05;RC;PREM;;PREMESQUES;17RPREOBSOH;FRANCE;NORD-PAS-DE-CALAIS;NORD;;;;50.6555;2.95212;50.6555;2.95212;0;7;46;1;;46BCN01_1R_001;RCB;8;80;;;;;
48394;O;H;2017;OR_J2;OR_J2_05;RC;PREM;;PREMESQUES;17RPREOBSOH;FRANCE;NORD-PAS-DE-CALAIS;NORD;;;;50.6555;2.95212;50.6555;2.95212;0;7;46;1;;46BCN01_1R_001;RCB;8;80;;;;;
46490;O;H;2017;OR_G7;OR_G7_05;RC;PREM;;PREMESQUES;17RPREOBSOH;FRANCE;NORD-PAS-DE-CALAIS;NORD;;;;50.6555;2.95212;50.6555;2.95212;0;7;46;1;;46BCN01_1R_001;RCB;8;80;;;;;
49234;O;H;2017;OR_K4;OR_K4_04;RC;PREM;;LOUVILLE-LA-CHENARD;17RLOUOHTT;FRANCE;CENTRE;EURE-ET-LOIR;;;;48.32784;1.78821;48.32784;1.78821;0;7;46;1;;46BCN01_1R_001;RCB;8;80;;;;;
56304;O;H;2015;OR_G5;OR_G5_04;RC;PREM;;PREMESQUES;15RPREOHOBS;FRANCE;NORD-PAS-DE-CALAIS;NORD;;;;50.6555;2.95212;50.6555;2.95212;0;7;61;1;;61BCN01_1R_001;RCB;8;80;;;;;
56172;O;H;2015;OR_C4;OR_C4_03;RC;PREM;;PREMESQUES;15RPREOHOBS;FRANCE;NORD-PAS-DE-CALAIS;NORD;;;;50.6555;2.95212;50.6555;2.95212;0;7;61;1;;61BCN01_1R_001;RCB;8;80;;;;;
56150;O;H;2015;OR_I5;OR_I5_50;RC;PREM;;PREMESQUES;15RPREOHOBS;FRANCE;NORD-PAS-DE-CALAIS;NORD;;;;50.6555;2.95212;50.6555;2.95212;0;7;61;1;;61BCN01_1R_001;RCB;8;80;;;;;
58840;O;H;2015;;OR_C5_05;RC;PREM;;PREMESQUES;15RPREOHOBS;FRANCE;NORD-PAS-DE-CALAIS;NORD;;;;50.6555;2.95212;50.6555;2.95212;0;7;61;1;;61BCN01_1R_001;RCB;8;80;;;;;
46093;T;-;2017;TD_TH;TD_TH_01;RC;DRUE;;NOUZERINES;17NOUTR;FRANCE;LIMOUSIN;CREUSE;;;;46.38885;2.10797;46.38885;2.10797;1;7;34;2;;17BCN02_2R_009;RCB;12;25;;;;;
58919;T;-;2015;TD_TM;TD_TM_04;RC;DRUE;;DRUELLE;15DRRA12;FRANCE;MIDI-PYRÉNÉES;AVEYRON;;;;44.35998;2.50531;44.35998;2.50531;0;7;12;2;;12BCN01_2R_022;RCB;12;25;;;;;
46030;T;-;2017;TD_TH;TD_TH_07;RC;DRUE;;CHOLET;17CHOTR;FRANCE;PAYS DE LA LOIRE;MAINE-ET-LOIRE;;;;47.05941;-0.87979;47.05941;-0.87979;1;7;34;2;;34BCN01_2R_013;RCB;12;25;;;;;
44280;T;-;2016;TD_TF;TD_TF_08;RC;DRUE;;CHOLET;16CHOTR;FRANCE;PAYS DE LA LOIRE;MAINE-ET-LOIRE;;;;47.05941;-0.87979;47.05941;-0.87979;0;7;30;2;;30BCN01_2R_026;RCB;12;25;;;;;
44273;T;-;2016;TD_TF;TD_TF_07;RC;DRUE;;NOUZERINES;16NOUTR;FRANCE;LIMOUSIN;CREUSE;;;;46.38885;2.10797;46.38885;2.10797;1;7;30;2;;30BCN01_2R_026;RCB;12;25;;;;;
44230;T;-;2016;TD_TJ;TD_TJ_04;RC;DRUE;;PONTIVY;16PONTR;FRANCE;BRETAGNE;MORBIHAN;;;;48.06615;-2.96706;48.06615;-2.96706;1;7;30;2;;30BCN01_2R_026;RCB;12;25;;;;;
44239;T;-;2016;TD_TL;TD_TL_04;RC;DRUE;;PONTIVY;16PONTR;FRANCE;BRETAGNE;MORBIHAN;;;;48.06615;-2.96706;48.06615;-2.96706;1;7;30;2;;30BCN01_2R_026;RCB;12;25;;;;;
58671;T;-;2015;TD_TA;TD_TA_58;RC;DRUE;;ANGERS;15ANTE49;FRANCE;PAYS DE LA LOIRE;MAINE-ET-LOIRE;;;;47.47842;-0.56317;47.47842;-0.56317;1;7;28;2;;28BCN01_2R_022;RCB;12;25;;;;;
56188;O;P;2015;OR_P5;OR_P5_03;RC;PREM;;PREMESQUES;15RPREOPOBS;FRANCE;NORD-PAS-DE-CALAIS;NORD;;;;50.6555;2.95212;50.6555;2.95212;0;7;34;1;;34BCN01_1R_002;RCB;8;78;;;;;
56160;O;P;2015;OR_P5;OR_P5_52;RC;PREM;;PREMESQUES;15RPREOPOBS;FRANCE;NORD-PAS-DE-CALAIS;NORD;;;;50.6555;2.95212;50.6555;2.95212;0;7;34;1;;34BCN01_1R_002;RCB;8;78;;;;;
53212;B;-;2015;B4_47;B4_47_04;RC;LOUV;LOUV;LOUVILLE-LA-CHENARD;15LLOUPPEc;FRANCE;CENTRE;EURE-ET-LOIR;;;;48.32784;1.78821;48.32784;1.78821;0;7;21;3;;21APL01_3R3_002;LAD;6;12;;;;;
42784;B;-;2016;B2_01;B2_01_05;RC;LOUV;LOUV;LOUVILLE-LA-CHENARD;16LLOUPHHr;FRANCE;CENTRE;EURE-ET-LOIR;;;;48.32784;1.78821;48.32784;1.78821;0;7;21;3;;21APL01_3R3_002;LAD;6;12;;;;;
42781;B;-;2016;B2_07;B2_07_05;RC;LOUV;LOUV;LOUVILLE-LA-CHENARD;16LLOUPHHr;FRANCE;CENTRE;EURE-ET-LOIR;;;;48.32784;1.78821;48.32784;1.78821;0;7;21;3;;21APL01_3R3_002;LAD;6;12;;;;;
42175;B;-;2016;B4_48;B4_48_04;RC;LOUV;LOUV;LOUVILLE APHANO;16LLOUPPEca;FRANCE;CENTRE;EURE-ET-LOIR;;;;48.32784;1.78821;48.32784;1.78821;0;7;36;3;;36APL01_3R3_001;LAD;6;12;;;;;
56348;O;H;2015;OR_I5;OR_I5_20;RC;PREM;;CUPERLY;15RCUPOHCOBNT;FRANCE;CHAMPAGNE-ARDENNE;MARNE;;;;49.06227;4.43092;49.06227;4.43092;0;7;41;1;;41BCN01_1R_001;RCB;8;80;;;;;
56373;O;H;2015;OR_C4;OR_C4_45;RC;PREM;;LOUVILLE-LA-CHENARD;15RLOUOHBOBNT;FRANCE;CENTRE;EURE-ET-LOIR;;;;48.32784;1.78821;48.32784;1.78821;0;7;41;1;;41BCN01_1R_001;RCB;8;80;;;;;
56306;O;H;2015;OR_I5;OR_I5_57;RC;PREM;;CUPERLY;15RCUPOHCOBNT;FRANCE;CHAMPAGNE-ARDENNE;MARNE;;;;49.06227;4.43092;49.06227;4.43092;0;7;31;1;;31BCN01_1R_001;RCB;8;80;;;;;
56354;O;H;2015;OR_I5;OR_I5_58;RC;PREM;;CUPERLY;15RCUPOHCOBNT;FRANCE;CHAMPAGNE-ARDENNE;MARNE;;;;49.06227;4.43092;49.06227;4.43092;0;7;31;1;;31BCN01_1R_001;RCB;8;80;;;;;
56340;O;H;2015;OR_I5;OR_I5_41;RC;PREM;;CUPERLY;15RCUPOHCOBNT;FRANCE;CHAMPAGNE-ARDENNE;MARNE;;;;49.06227;4.43092;49.06227;4.43092;0;7;31;1;;31BCN01_1R_001;RCB;8;80;;;;;
42838;S;-;2016;SG_DD;SG_DD_02;RC;GAIL;;COULOUME MONDEBAT;16GCOM_ESS;FRANCE;MIDI-PYRÉNÉES;GERS;;;;43.64085;0.09237;43.64085;0.09237;0;7;30;1;;10BCN03_1R_010;RCB;11;24;;;;;
59048;S;-;2015;SG_P5;SG_P5_04;RC;GAIL;;VERDUN SUR GARONNE;15GVSG_ESS;FRANCE;MIDI-PYRÉNÉES;TARN-ET-GARONNE;;;;43.85413;1.23558;43.85413;1.23558;0;7;30;1;;10BCN03_1R_010;RCB;11;24;;;;;
41321;S;-;2016;SG_DH;SG_DH_02;RC;GAIL;GAIL;COULOUME MONDEBAT;16GCOM_ESS;FRANCE;MIDI-PYRÉNÉES;GERS;;;;43.64085;0.09237;43.64085;0.09237;0;7;30;1;;10BCN03_1R_011;RCB;11;24;;;;;
43647;S;-;2017;SG_DF;SG_DF_02;RC;GAIL;GAIL;COULOUME MONDEBAT;17GCOM_ESS;FRANCE;MIDI-PYRÉNÉES;GERS;;;;43.64085;0.09237;43.64085;0.09237;1;7;30;1;;10BCN03_1R_011;RCB;11;24;;;;;
43558;B;-;2017;B4_24;B4_24_04;RC;LOUV;LOUV;LOUVILLE APHANO;17LLOUPPAp;FRANCE;CENTRE;EURE-ET-LOIR;;;;48.32784;1.78821;48.32784;1.78821;0;7;36;4;;36BCN01_4R_003;RCB;6;12;;;;;
48980;B;-;2017;B5_71;B5_71_05;RC;LOUV;LOUV;FOUCHERES;17LFOUPHPm;FRANCE;CHAMPAGNE-ARDENNE;AUBE;;;;48.15364;4.26666;48.15364;4.26666;0;7;36;2;;36LPB01_2R_001;PBL;6;12;;;;;
48985;B;-;2017;B5_77;B5_77_05;RC;LOUV;LOUV;FOUCHERES;17LFOUPHPm;FRANCE;CHAMPAGNE-ARDENNE;AUBE;;;;48.15364;4.26666;48.15364;4.26666;0;7;36;2;;36LPB01_2R_001;PBL;6;12;;;;;
48984;B;-;2017;B5_78;B5_78_05;RC;LOUV;LOUV;FOUCHERES;17LFOUPHPm;FRANCE;CHAMPAGNE-ARDENNE;AUBE;;;;48.15364;4.26666;48.15364;4.26666;0;7;36;2;;36LPB01_2R_001;PBL;6;12;;;;;
45738;O;H;2016;OR_AA;OR_AA_07;RC;PREM;PREM;PREMESQUES;16PPREOHNT;FRANCE;NORD-PAS-DE-CALAIS;NORD;;;;50.6555;2.95212;50.6555;2.95212;1;7;16;1;;16BCN01_1R_003;RCB;8;80;;;;;
42216;B;-;2016;B5_05;B5_05_06;RC;LOUV;LOUV;REIMS;16LREIPHAl;FRANCE;CHAMPAGNE-ARDENNE;MARNE;;;;49.25833;4.0317;49.25833;4.0317;0;7;21;3;;21APL01_3R3_004;LAD;6;12;;;;;
45762;O;H;2016;OR_HC;OR_HC_05;RC;PREM;PREM;LOUVILLE-LA-CHENARD;16RLOHBANT;FRANCE;CENTRE;EURE-ET-LOIR;;;;48.32784;1.78821;48.32784;1.78821;0;7;25;2;;25BCN01_2R_021;RCB;8;80;;;;;
43516;O;P;2017;OR_QG;OR_QG_01;RC;PREM;;LOUVILLE-LA-CHENARD;17RLOUOPTT;FRANCE;CENTRE;EURE-ET-LOIR;;;;48.32784;1.78821;48.32784;1.78821;1;7;25;2;;25BCN01_2R_022;RCB;8;78;;;;;
45781;O;H;2016;OR_HD;OR_HD_05;RC;PREM;PREM;LOUVILLE-LA-CHENARD;16RLOHBANT;FRANCE;CENTRE;EURE-ET-LOIR;;;;48.32784;1.78821;48.32784;1.78821;0;7;19;2;;19BCN01_2R_011;RCB;8;80;;;;;
59681;S;-;2015;SG_DH;SG_DH_02;RC;GAIL;;COULOUME MONDEBAT;15GCOM_ESS;FRANCE;MIDI-PYRÉNÉES;GERS;;;;43.64085;0.09237;43.64085;0.09237;1;7;30;2;;10BCN03_2R_015;RCB;11;24;;;;;
59691;S;-;2015;SG_DM;SG_DM_02;RC;GAIL;;COULOUME MONDEBAT;15GCOM_ESS;FRANCE;MIDI-PYRÉNÉES;GERS;;;;43.64085;0.09237;43.64085;0.09237;1;7;30;2;;10BCN03_2R_015;RCB;11;24;;;;;
59616;S;-;2015;SG_DA;SG_DA_02;RC;GAIL;;COULOUME MONDEBAT;15GCOM_ESS;FRANCE;MIDI-PYRÉNÉES;GERS;;;;43.64085;0.09237;43.64085;0.09237;0;7;18;1;;06BCN03_1R_004;RCB;11;24;;;;;
21833;S;-;2018;SG_DK;SG_DK_05;RC;GAIL;;GAILLAC;18GGAI_ESS;FRANCE;MIDI-PYRÉNÉES;TARN;;43.91944;1.97861;43.90182;1.89651;43.91944;1.97861;1;7;30;1;;05BCN06_1R_005;RCB;11;24;;;;;
56975;S;-;2015;SG_BE;SG_BE_02;RC;GAIL;;ST MAURICE;15GSMG_ESS;FRANCE;RHÔNE-ALPES;AIN;;;;46.09682;4.81896;46.09682;4.81896;1;7;20;2;;20BCN01_2R_022;RCB;11;24;;;;;
49774;O;P;2017;OR_PL;OR_PL_04;RC;PREM;;LOUVILLE-LA-CHENARD;17RLOPBBTT;FRANCE;CENTRE;EURE-ET-LOIR;;;;48.32784;1.78821;48.32784;1.78821;1;7;36;2;;06BCN06_2R_022;RCB;8;78;;;;;
49771;O;P;2017;OR_PM;OR_PM_04;RC;PREM;;LOUVILLE-LA-CHENARD;17RLOPBBTT;FRANCE;CENTRE;EURE-ET-LOIR;;;;48.32784;1.78821;48.32784;1.78821;1;7;36;2;;06BCN06_2R_022;RCB;8;78;;;;;
22883;B;-;2018;B4_08;B4_08_01;RC;LOUV;LOUV;LOUVILLE-LA-CHENARD;18LLOUPPEc;FRANCE;CENTRE;EURE-ET-LOIR;;;;48.32784;1.78821;48.32784;1.78821;0;7;36;2;;36BCN01_2R_055;RCB;6;12;;;;;
22506;B;-;2018;B4_04;B4_04_09;RC;LOUV;LOUV;LOUVILLE-LA-CHENARD;18LLOUPPEc;FRANCE;CENTRE;EURE-ET-LOIR;;;;48.32784;1.78821;48.32784;1.78821;0;7;36;2;;36BCN01_2R_055;RCB;6;12;;;;;
42159;B;-;2016;B5_25;B5_25_05;RC;LOUV;LOUV;LOUVILLE-LA-CHENARD;16LLOUPH6m;FRANCE;CENTRE;EURE-ET-LOIR;;;;48.32784;1.78821;48.32784;1.78821;0;7;36;2;;36BCN01_2R_055;RCB;6;12;;;;;
48981;B;-;2017;B5_22;B5_22_04;RC;LOUV;LOUV;FOUCHERES;17LFOUPHPm;FRANCE;CHAMPAGNE-ARDENNE;AUBE;;;;48.15364;4.26666;48.15364;4.26666;0;7;36;2;;36BCN01_2R_056;RCB;6;12;;;;;
42153;B;-;2016;B5_24;B5_24_05;RC;LOUV;LOUV;LOUVILLE-LA-CHENARD;16LLOUPH6m;FRANCE;CENTRE;EURE-ET-LOIR;;;;48.32784;1.78821;48.32784;1.78821;0;7;36;2;;36BCN01_2R_059;RCB;6;12;;;;;
42144;B;-;2016;B5_29;B5_29_05;RC;LOUV;LOUV;LOUVILLE-LA-CHENARD;16LLOUPH6m;FRANCE;CENTRE;EURE-ET-LOIR;;;;48.32784;1.78821;48.32784;1.78821;0;7;36;2;;36BCN01_2R_062;RCB;6;12;;;;;
45408;O;H;2016;OR_I9;OR_I9_05;RC;PREM;;PREMESQUES;16RPREOBSOH;FRANCE;NORD-PAS-DE-CALAIS;NORD;;;;50.6555;2.95212;50.6555;2.95212;0;7;32;1;;32BCN01_1R_003;RCB;8;80;;;;;
45451;O;H;2016;OR_J2;OR_J2_05;RC;PREM;;PREMESQUES;16RPREOBSOH;FRANCE;NORD-PAS-DE-CALAIS;NORD;;;;50.6555;2.95212;50.6555;2.95212;0;7;32;1;;32BCN01_1R_003;RCB;8;80;;;;;
45440;O;H;2016;OR_J6;OR_J6_05;RC;PREM;;PREMESQUES;16RPREOBSOH;FRANCE;NORD-PAS-DE-CALAIS;NORD;;;;50.6555;2.95212;50.6555;2.95212;0;7;32;1;;32BCN01_1R_003;RCB;8;80;;;;;
45420;O;H;2016;OR_K9;OR_K9_05;RC;PREM;;PREMESQUES;16RPREOBSOH;FRANCE;NORD-PAS-DE-CALAIS;NORD;;;;50.6555;2.95212;50.6555;2.95212;0;7;32;1;;32BCN01_1R_003;RCB;8;80;;;;;
43568;S;-;2017;SG_BH;SG_BH_04;RC;GAIL;GAIL;ST MAURICE;17GSMG_ESS;FRANCE;RHÔNE-ALPES;AIN;;;;46.09682;4.81896;46.09682;4.81896;1;7;30;1;;15BCN02_1R_008;RCB;11;24;;;;;
56939;S;-;2015;SG_DF;SG_DF_01;RC;GAIL;;LAVAUR;15GLAV_ESS;FRANCE;MIDI-PYRÉNÉES;TARN;;;;43.69919;1.8207;43.69919;1.8207;1;7;30;1;;15BCN02_1R_011;RCB;11;24;;;;;
56933;S;-;2015;SG_DG;SG_DG_01;RC;GAIL;;LAVAUR;15GLAV_ESS;FRANCE;MIDI-PYRÉNÉES;TARN;;;;43.69919;1.8207;43.69919;1.8207;1;7;30;1;;15BCN02_1R_012;RCB;11;24;;;;;
59666;S;-;2015;SG_DK;SG_DK_01;RC;GAIL;;LAVAUR;15GLAV_ESS;FRANCE;MIDI-PYRÉNÉES;TARN;;;;43.69919;1.8207;43.69919;1.8207;0;7;30;1;;15BCN02_1R_016;RCB;11;24;;;;;
56993;S;-;2015;SG_CC;SG_CC_02;RC;GAIL;;ST PAUL_26;15GSTP_ESS;FRANCE;RHÔNE-ALPES;DRÔME;;;;44.81433;5.02961;44.81433;5.02961;1;7;20;1;;10BCN02_1R_023;RCB;11;24;;;;;
21895;S;-;2018;SG_DH;SG_DH_05;RC;GAIL;;GAILLAC;18GGAI_ESS;FRANCE;MIDI-PYRÉNÉES;TARN;;43.91944;1.97861;43.90182;1.89651;43.91944;1.97861;1;7;30;2;;10BCN03_2R_016;RCB;11;24;;;;;
21656;S;-;2018;SG_ED;SG_ED_05;RC;GAIL;;GAILLAC;18GGAI_ESS;FRANCE;MIDI-PYRÉNÉES;TARN;;43.91944;1.97861;43.90182;1.89651;43.91944;1.97861;1;7;30;2;;10BCN03_2R_018;RCB;11;24;;;;;
59944;S;-;2015;SG_TD5;SG_TD5_04;RC;GAIL;;VERDUN SUR GARONNE;15GVSG_ESS;FRANCE;MIDI-PYRÉNÉES;TARN-ET-GARONNE;;;;43.85413;1.23558;43.85413;1.23558;0;7;30;1;;10BCN03_1R_015;RCB;11;24;;;;;
42815;S;-;2016;SG_AC;SG_AC_05;RC;GAIL;;VILLAMPUY;16GVIL_ESS;FRANCE;CENTRE;EURE-ET-LOIR;;;;48.03565;1.50986;48.03565;1.50986;1;7;15;1;;10BCN02_1R_027;RCB;11;24;;;;;
56648;S;-;2015;SG_EC;SG_EC_04;RC;GAIL;;VERDUN SUR GARONNE;15GVSG_ESS;FRANCE;MIDI-PYRÉNÉES;TARN-ET-GARONNE;;;;43.85413;1.23558;43.85413;1.23558;0;7;30;2;;10BCN03_2R_019;RCB;11;24;;;;;
44148;T;-;2016;TD_TT;TD_TT_01;RC;DRUE;;CHOLET;16CHOTR;FRANCE;PAYS DE LA LOIRE;MAINE-ET-LOIRE;;;;47.05941;-0.87979;47.05941;-0.87979;0;7;16;3;;16BCN01_3R_004;RCB;12;25;;;;;
44265;T;-;2016;TD_TH;TD_TH_07;RC;DRUE;;PONTIVY;16PONTR;FRANCE;BRETAGNE;MORBIHAN;;;;48.06615;-2.96706;48.06615;-2.96706;1;7;40;2;;40BCN01_2R_004;RCB;12;25;;;;;
44267;T;-;2016;TD_TH;TD_TH_03;RC;DRUE;;LAMBALLE;16TRITR;FRANCE;BRETAGNE;CÔTES-D'ARMOR;;;;48.46864;-2.51732;48.46864;-2.51732;1;7;40;2;;40BCN01_2R_005;RCB;12;25;;;;;
44268;T;-;2016;TD_TH;TD_TH_50;RC;DRUE;;LAMBALLE;16TRITR;FRANCE;BRETAGNE;CÔTES-D'ARMOR;;;;48.46864;-2.51732;48.46864;-2.51732;1;7;40;2;;40BCN01_2R_005;RCB;12;25;;;;;
41596;O;P;2016;OR_P4;OR_P4_04;RC;PREM;;PREMESQUES;16PPREOPObs;FRANCE;NORD-PAS-DE-CALAIS;NORD;;;;50.6555;2.95212;50.6555;2.95212;0;7;60;1;;60BCN01_1R_003;RCB;8;78;;;;;
41593;O;P;2016;OR_P4;OR_P4_01;RC;PREM;;PREMESQUES;16PPREOPObs;FRANCE;NORD-PAS-DE-CALAIS;NORD;;;;50.6555;2.95212;50.6555;2.95212;0;7;60;1;;60BCN01_1R_003;RCB;8;78;;;;;
41422;O;P;2016;OR_P4;OR_P4_14;RC;PREM;;LOUVILLE-LA-CHENARD;16RLOPOBS;FRANCE;CENTRE;EURE-ET-LOIR;;;;48.32784;1.78821;48.32784;1.78821;0;7;36;1;;36BCN01_1R_002;RCB;8;78;;;;;
21805;O;P;2018;OR_P5;OR_P5_15;RC;PREM;;LOUVILLE-LA-CHENARD;18RLOPBBTT;FRANCE;CENTRE;EURE-ET-LOIR;;;;48.32784;1.78821;48.32784;1.78821;0;7;36;1;;36BCN01_1R_002;RCB;8;78;;;;;
42875;S;-;2016;SG_AE;SG_AE_05;RC;GAIL;;VILLAMPUY;16GVIL_ESS;FRANCE;CENTRE;EURE-ET-LOIR;;;;48.03565;1.50986;48.03565;1.50986;1;7;25;1;;09BCN03_1R_002;RCB;11;24;;;;;
41954;S;-;2016;SG_B5;SG_B5_04;RC;GAIL;;GAILLAC;16GGAI_ESS;FRANCE;MIDI-PYRÉNÉES;TARN;;;;43.90182;1.89651;43.90182;1.89651;0;7;5;3;;05BCN01_3R_003;RCB;11;24;;;;;
41802;B;-;2016;B1_28;B1_28_04;RC;LOUV;LOUV;LOUVILLE-LA-CHENARD;16LLOUPPCp;FRANCE;CENTRE;EURE-ET-LOIR;;;;48.32784;1.78821;48.32784;1.78821;0;7;36;1;;06LPB06_1R_001;PBL;6;12;;;;;
41830;B;-;2016;B1_04;B1_04_04;RC;LOUV;LOUV;LOUVILLE-LA-CHENARD;16LLOUPPCp;FRANCE;CENTRE;EURE-ET-LOIR;;;;48.32784;1.78821;48.32784;1.78821;0;7;36;1;;06LPB06_1R_001;PBL;6;12;;;;;
41834;B;-;2016;B1_01;B1_01_04;RC;LOUV;LOUV;LOUVILLE-LA-CHENARD;16LLOUPPCp;FRANCE;CENTRE;EURE-ET-LOIR;;;;48.32784;1.78821;48.32784;1.78821;0;7;36;1;;06LPB06_1R_001;PBL;6;12;;;;;
41833;B;-;2016;B1_50;B1_50_04;RC;LOUV;LOUV;LOUVILLE-LA-CHENARD;16LLOUPPCp;FRANCE;CENTRE;EURE-ET-LOIR;;;;48.32784;1.78821;48.32784;1.78821;0;7;36;1;;06LPB06_1R_001;PBL;6;12;;;;;
41685;B;-;2016;B1_68;B1_68_05;RC;LOUV;LOUV;LOUVILLE APHANO;16LLOUPPCpa;FRANCE;CENTRE;EURE-ET-LOIR;;;;48.32784;1.78821;48.32784;1.78821;0;7;36;1;;06LPB06_1R_001;PBL;6;12;;;;;
41603;B;-;2016;B1_40;B1_40_04;RC;LOUV;LOUV;LOUVILLE-LA-CHENARD;16LLOUPPCp;FRANCE;CENTRE;EURE-ET-LOIR;;;;48.32784;1.78821;48.32784;1.78821;0;7;24;1;;06BCN04_1R_007;RCB;6;12;;;;;
42147;B;-;2016;B4_06;B4_06_05;RC;LOUV;LOUV;LOUVILLE-LA-CHENARD;16LLOUPPEc;FRANCE;CENTRE;EURE-ET-LOIR;;;;48.32784;1.78821;48.32784;1.78821;0;7;18;3;;18APL01_3R3_013;LAD;6;12;;;;;
44720;O;H;2016;OR_C1;OR_C1_05;RC;PREM;;MONTBARTIER;16MBTOH02;FRANCE;MIDI-PYRÉNÉES;TARN-ET-GARONNE;;;;43.91283;1.27238;43.91283;1.27238;0;7;4;1;;04BCN01_1R_002;RCB;8;80;;;;;
41616;B;-;2016;B1_64;B1_64_04;RC;LOUV;LOUV;LOUVILLE-LA-CHENARD;16LLOUPPCp;FRANCE;CENTRE;EURE-ET-LOIR;;;;48.32784;1.78821;48.32784;1.78821;0;7;36;1;;12BCN03_1R_006;RCB;6;12;;;;;
41604;B;-;2016;B1_52;B1_52_04;RC;LOUV;LOUV;LOUVILLE-LA-CHENARD;16LLOUPPCp;FRANCE;CENTRE;EURE-ET-LOIR;;;;48.32784;1.78821;48.32784;1.78821;0;7;36;1;;12BCN03_1R_006;RCB;6;12;;;;;
46384;O;H;2017;OR_AA;OR_AA_01;RC;PREM;;PREMESQUES;17PREOHTR1;FRANCE;NORD-PAS-DE-CALAIS;NORD;;;;50.6555;2.95212;50.6555;2.95212;1;7;26;3;;26BCN01_3R_001;RCB;8;80;;;;;
25301;O;H;2018;OR_OA;OR_OA_05;RC;PREM;;PREMESQUES;18PPREOHTRESCO;FRANCE;NORD-PAS-DE-CALAIS;NORD;;;;50.6555;2.95212;50.6555;2.95212;1;7;26;3;;26BCN01_3R_001;RCB;8;80;;;;;
46338;O;H;2017;OR_OA;OR_OA_04;RC;PREM;;PREMESQUES;17PREOHTR1;FRANCE;NORD-PAS-DE-CALAIS;NORD;;;;50.6555;2.95212;50.6555;2.95212;1;7;29;3;;29BCN01_3R_001;RCB;8;80;;;;;
48474;B;-;2017;B2_55;B2_55_05;RC;LOUV;LOUV;LOUVILLE-LA-CHENARD;17LLOUPHHr;FRANCE;CENTRE;EURE-ET-LOIR;;;;48.32784;1.78821;48.32784;1.78821;0;7;9;1;;03BCN03_1R_001;RCB;6;12;;;;;
42611;S;-;2016;SG_BB;SG_BB_07;RC;GAIL;GAIL;FESSENHEIM;16GFES_ESS;FRANCE;ALSACE;HAUT-RHIN;;;;47.91471;7.53763;47.91471;7.53763;1;7;15;1;;05BCN03_1R_004;RCB;11;24;;;;;
42862;S;-;2016;SG_BF;SG_BF_02;RC;GAIL;;FESSENHEIM;16GFES_ESS;FRANCE;ALSACE;HAUT-RHIN;;;;47.91471;7.53763;47.91471;7.53763;0;7;30;1;;10BCN03_1R_020;RCB;11;24;;;;;
42670;S;-;2016;SG_BA;SG_BA_06;RC;GAIL;GAIL;MOSONMAGYAROVAR;16GMOS_ESS;HUNGARY;GYOR-MOSON-SOPRON;MOSONMAGYARÓVÁR;;;;47.86815;17.26892;47.86815;17.26892;0;7;20;1;;05BCN04_1R_007;RCB;11;24;;;;;
41363;S;-;2016;SG_CE;SG_CE_05;RC;GAIL;;MAJS;16GMAJ_ESS;HUNGARY;BARANYA;MOHÁCSI;;;;45.90909;18.59764;45.90909;18.59764;1;7;30;1;;15BCN02_1R_027;RCB;11;24;;;;;
41318;S;-;2016;SG_DJ;SG_DJ_01;RC;GAIL;GAIL;LAVAUR;16GLAV_ESS;FRANCE;MIDI-PYRÉNÉES;TARN;;;;43.69919;1.8207;43.69919;1.8207;0;7;30;1;;15BCN02_1R_033;RCB;11;24;;;;;
41313;S;-;2016;SG_DL;SG_DL_01;RC;GAIL;GAIL;LAVAUR;16GLAV_ESS;FRANCE;MIDI-PYRÉNÉES;TARN;;;;43.69919;1.8207;43.69919;1.8207;0;7;20;1;;10BCN02_1R_038;RCB;11;24;;;;;
42608;S;-;2016;SG_EC;SG_EC_01;RC;GAIL;;LAVAUR;16GLAV_ESS;FRANCE;MIDI-PYRÉNÉES;TARN;;;;43.69919;1.8207;43.69919;1.8207;1;7;30;1;;15BCN02_1R_035;RCB;11;24;;;;;
41372;S;-;2016;SG_EG;SG_EG_01;RC;GAIL;GAIL;LAVAUR;16GLAV_ESS;FRANCE;MIDI-PYRÉNÉES;TARN;;;;43.69919;1.8207;43.69919;1.8207;1;7;30;1;;10BCN03_1R_023;RCB;11;24;;;;;
41774;S;-;2016;SG_P5;SG_P5_04;RC;GAIL;GAIL;CORNEBARRIEU;16GCOR_ESS;FRANCE;MIDI-PYRÉNÉES;HAUTE-GARONNE;;;;43.64914;1.32625;43.64914;1.32625;0;7;15;2;;03BCN05_2R_002;RCB;11;24;;;;;
48390;O;H;2017;OR_J4;OR_J4_05;RC;PREM;;PREMESQUES;17RPREOBSOH;FRANCE;NORD-PAS-DE-CALAIS;NORD;;;;50.6555;2.95212;50.6555;2.95212;0;7;46;1;;46BCN01_1R_002;RCB;8;80;;;;;
48380;O;H;2017;OR_I5;OR_I5_05;RC;PREM;;PREMESQUES;17RPREOBSOH;FRANCE;NORD-PAS-DE-CALAIS;NORD;;;;50.6555;2.95212;50.6555;2.95212;0;7;46;1;;46BCN01_1R_002;RCB;8;80;;;;;
48384;O;H;2017;OR_I2;OR_I2_05;RC;PREM;;PREMESQUES;17RPREOBSOH;FRANCE;NORD-PAS-DE-CALAIS;NORD;;;;50.6555;2.95212;50.6555;2.95212;0;7;46;1;;46BCN01_1R_002;RCB;8;80;;;;;
41360;S;-;2016;SG_CB;SG_CB_02;RC;GAIL;GAIL;ST PAUL_26;16GSTP_ESS;FRANCE;RHÔNE-ALPES;DRÔME;;;;44.81433;5.02961;44.81433;5.02961;0;7;16;1;;08BCN02_1R_011;RCB;11;24;;;;;
49482;O;H;2017;OR_AB;OR_AB_05;RC;PREM;;LOUVILLE-LA-CHENARD;17RLOHBANT;FRANCE;CENTRE;EURE-ET-LOIR;;;;48.32784;1.78821;48.32784;1.78821;0;7;22;2;;11BCN02_2R_007;RCB;8;80;;;;;
49203;O;H;2017;OR_HC;OR_HC_04;RC;PREM;;LOUVILLE-LA-CHENARD;17RLOHBATT;FRANCE;CENTRE;EURE-ET-LOIR;;;;48.32784;1.78821;48.32784;1.78821;0;7;30;2;;10BCN03_2R_023;RCB;8;80;;;;;
46034;T;-;2017;TD_TI;TD_TI_05;RC;DRUE;;RIEUPEYROUX;17RIETR;FRANCE;MIDI-PYRÉNÉES;AVEYRON;;;;44.30623;2.23632;44.30623;2.23632;1;7;40;2;;20BCN02_2R_024;RCB;12;25;;;;;
46403;B;-;2017;B5_41;B5_41_05;RC;LOUV;;LOUVILLE-LA-CHENARD;17LLOUPHAl;FRANCE;CENTRE;EURE-ET-LOIR;;;;48.32784;1.78821;48.32784;1.78821;0;7;16;3;;08BCN02_3R_004;RCB;6;12;;;;;
41396;S;-;2016;SG_DA;SG_DA_07;RC;GAIL;;DURAS_47;16GDUR_ESS;FRANCE;AQUITAINE;LOT-ET-GARONNE;;;;44.67649;0.17921;44.67649;0.17921;1;7;20;1;;05BCN04_1R_009;RCB;11;24;;;;;
41337;S;-;2016;SG_DB;SG_DB_07;RC;GAIL;;DURAS_47;16GDUR_ESS;FRANCE;AQUITAINE;LOT-ET-GARONNE;;;;44.67649;0.17921;44.67649;0.17921;1;7;18;1;;06BCN03_1R_014;RCB;11;24;;;;;
46072;T;-;2017;TD_TD;TD_TD_09;RC;DRUE;;LAMBALLE;17TRITR;FRANCE;BRETAGNE;CÔTES-D'ARMOR;;;;48.46864;-2.51732;48.46864;-2.51732;1;7;36;2;;36BCN01_2R_064;RCB;12;25;;;;;
49302;B;-;2017;B4_55;B4_55_02;RC;LOUV;LOUV;FOUCHERES;17LFOUPPEc;FRANCE;CHAMPAGNE-ARDENNE;AUBE;;;;48.15364;4.26666;48.15364;4.26666;1;7;36;2;;18LPB02_2R_006;PBL;6;12;;;;;
49300;B;-;2017;B4_09;B4_09_02;RC;LOUV;LOUV;FOUCHERES;17LFOUPPEc;FRANCE;CHAMPAGNE-ARDENNE;AUBE;;;;48.15364;4.26666;48.15364;4.26666;1;7;36;2;;18LPB02_2R_006;PBL;6;12;;;;;
49396;B;-;2017;B4_46;B4_46_05;RC;LOUV;LOUV;LOUVILLE-LA-CHENARD;17LLOUPPEc;FRANCE;CENTRE;EURE-ET-LOIR;;;;48.32784;1.78821;48.32784;1.78821;0;7;15;3;;15BCN01_3R_007;RCB;6;12;;;;;
49377;B;-;2017;B4_42;B4_42_05;RC;LOUV;LOUV;LOUVILLE APHANO;17LLOUPPAp;FRANCE;CENTRE;EURE-ET-LOIR;;;;48.32784;1.78821;48.32784;1.78821;0;7;24;2;;12BCN02_2R_031;RCB;6;12;;;;;
43042;O;P;2017;OR_P5;OR_P5_49;RC;PREM;;LOUVILLE-LA-CHENARD;17RLOPOBS;FRANCE;CENTRE;EURE-ET-LOIR;;;;48.32784;1.78821;48.32784;1.78821;0;7;22;1;;22BCN01_1R_010;RCB;8;78;;;;;
43219;O;P;2017;OR_P5;OR_P5_17;RC;PREM;;PREMESQUES;17RPRE_OBS_OP;FRANCE;NORD-PAS-DE-CALAIS;NORD;;;;50.6555;2.95212;50.6555;2.95212;0;7;54;1;;54BCN01_1R_001;RCB;8;78;;;;;
43210;O;P;2017;OR_P5;OR_P5_20;RC;PREM;;PREMESQUES;17RPRE_OBS_OP;FRANCE;NORD-PAS-DE-CALAIS;NORD;;;;50.6555;2.95212;50.6555;2.95212;0;7;54;1;;54BCN01_1R_002;RCB;8;78;;;;;
43721;S;-;2017;SG_N5;SG_N5_05;RC;GAIL;GAIL;VILLAMPUY;17GVIL_ESS;FRANCE;CENTRE;EURE-ET-LOIR;;;;48.03565;1.50986;48.03565;1.50986;0;7;10;2;;05BCN02_2R_007;RCB;11;24;;;;;
43729;S;-;2017;SG_M4;SG_M4_05;RC;GAIL;GAIL;GAILLAC;17GGAI_CH2;FRANCE;MIDI-PYRÉNÉES;TARN;;;;43.90182;1.89651;43.90182;1.89651;0;7;10;2;;05BCN02_2R_007;RCB;11;24;;;;;
43195;S;-;2017;SG_O5;SG_O5_05;RC;GAIL;GAIL;VILLAMPUY;17GVIL_ESS;FRANCE;CENTRE;EURE-ET-LOIR;;;;48.03565;1.50986;48.03565;1.50986;0;7;16;4;;08APL02_4R4_003;LAD;11;24;;;;;
43799;O;H;2017;OR_HJ;OR_HJ_06;RC;PREM;;PROUVAIS;17RPROUOH;FRANCE;PICARDIE;AISNE;;;;49.46338;3.9763;49.46338;3.9763;1;7;24;2;;24BCN01_2R_040;RCB;8;80;;;;;
43600;S;-;2017;SG_DJ;SG_DJ_05;RC;GAIL;GAIL;GAILLAC;17GGAI_ES2;FRANCE;MIDI-PYRÉNÉES;TARN;;;;43.90182;1.89651;43.90182;1.89651;1;7;30;2;;10BCN03_2R_035;RCB;11;24;;;;;
43601;S;-;2017;SG_DK;SG_DK_05;RC;GAIL;GAIL;GAILLAC;17GGAI_ES2;FRANCE;MIDI-PYRÉNÉES;TARN;;;;43.90182;1.89651;43.90182;1.89651;1;7;30;1;;10BCN03_1R_029;RCB;11;24;;;;;
43098;S;-;2017;SG_EC;SG_EC_05;RC;GAIL;GAIL;GAILLAC;17GGAI_ESS;FRANCE;MIDI-PYRÉNÉES;TARN;;;;43.90182;1.89651;43.90182;1.89651;1;7;30;2;;10BCN03_2R_037;RCB;11;24;;;;;
43748;S;-;2017;SG_P5;SG_P5_05;RC;GAIL;;GAILLAC;17GGAI_ESS;FRANCE;MIDI-PYRÉNÉES;TARN;;;;43.90182;1.89651;43.90182;1.89651;0;7;30;2;;10BCN03_2R_039;RCB;11;24;;;;;
43646;S;-;2017;SG_ED;SG_ED_01;RC;GAIL;GAIL;LAVAUR;17GLAV_ESS;FRANCE;MIDI-PYRÉNÉES;TARN;;;;43.69919;1.8207;43.69919;1.8207;0;7;30;1;;15BCN02_1R_051;RCB;11;24;;;;;
43613;S;-;2017;SG_DI;SG_DI_01;RC;GAIL;GAIL;LAVAUR;17GLAV_ESS;FRANCE;MIDI-PYRÉNÉES;TARN;;;;43.69919;1.8207;43.69919;1.8207;0;7;30;1;;15BCN02_1R_054;RCB;11;24;;;;;
43500;S;-;2017;SG_EC;SG_EC_01;RC;GAIL;GAIL;LAVAUR;17GLAV_ESS;FRANCE;MIDI-PYRÉNÉES;TARN;;;;43.69919;1.8207;43.69919;1.8207;1;7;30;1;;15BCN02_1R_056;RCB;11;24;;;;;
43668;S;-;2017;SG_T5;SG_T5_01;RC;GAIL;GAIL;DURAS_47;17GDUR_ESS;FRANCE;AQUITAINE;LOT-ET-GARONNE;;;;44.67649;0.17921;44.67649;0.17921;0;7;20;1;;05BCN04_1R_013;RCB;11;24;;;;;
43069;S;-;2017;SG_CC;SG_CC_07;RC;GAIL;GAIL;MAJS;17GMAJ_ESS;HUNGARY;BARANYA;MOHÁCSI;;;;45.90909;18.59764;45.90909;18.59764;1;7;30;1;;05BCN06_1R_021;RCB;11;24;;;;;
43687;S;-;2017;SG_DB;SG_DB_04;RC;GAIL;GAIL;DAUX;17GDAU_ESS;FRANCE;MIDI-PYRÉNÉES;HAUTE-GARONNE;;;;43.69411;1.26921;43.69411;1.26921;1;7;30;2;;15BCN02_2R_050;RCB;11;24;;;;;
43869;S;-;2017;SG_DJ;SG_DJ_04;RC;GAIL;GAIL;DAUX;17GDAU_ESS;FRANCE;MIDI-PYRÉNÉES;HAUTE-GARONNE;;;;43.69411;1.26921;43.69411;1.26921;0;7;30;2;;15BCN02_2R_057;RCB;11;24;;;;;
43679;S;-;2017;SG_CB;SG_CB_04;RC;GAIL;GAIL;DAUX;17GDAU_ESS;FRANCE;MIDI-PYRÉNÉES;HAUTE-GARONNE;;;;43.69411;1.26921;43.69411;1.26921;1;7;20;2;;10BCN02_2R_040;RCB;11;24;;;;;
43067;S;-;2017;SG_CC;SG_CC_04;RC;GAIL;GAIL;DAUX;17GDAU_ESS;FRANCE;MIDI-PYRÉNÉES;HAUTE-GARONNE;;;;43.69411;1.26921;43.69411;1.26921;1;7;30;1;;10BCN03_1R_063;RCB;11;24;;;;;
43573;S;-;2017;SG_BC;SG_BC_05;RC;GAIL;GAIL;OUGES;17GOUG_ESS;FRANCE;BOURGOGNE;CÔTE-D'OR;;;;47.26285;5.07391;47.26285;5.07391;0;7;30;2;;15BCN02_2R_066;RCB;11;24;;;;;
43584;S;-;2017;SG_BE;SG_BE_05;RC;GAIL;GAIL;OUGES;17GOUG_ESS;FRANCE;BOURGOGNE;CÔTE-D'OR;;;;47.26285;5.07391;47.26285;5.07391;0;7;30;2;;15BCN02_2R_067;RCB;11;24;;;;;
43293;S;-;2017;SG_AB;SG_AB_02;RC;GAIL;GAIL;OUGES;17GOUG_ESS;FRANCE;BOURGOGNE;CÔTE-D'OR;;;;47.26285;5.07391;47.26285;5.07391;0;7;20;1;;10BCN02_1R_055;RCB;11;24;;;;;
43294;S;-;2017;SG_AA;SG_AA_06;RC;GAIL;GAIL;FESSENHEIM;17GFES_ESS;FRANCE;ALSACE;HAUT-RHIN;;;;47.91471;7.53763;47.91471;7.53763;1;7;20;1;;05BCN04_1R_019;RCB;11;24;;;;;
43102;S;-;2017;SG_BA;SG_BA_06;RC;GAIL;GAIL;FESSENHEIM;17GFES_ESS;FRANCE;ALSACE;HAUT-RHIN;;;;47.91471;7.53763;47.91471;7.53763;1;7;20;2;;05BCN04_2R_017;RCB;11;24;;;;;
43677;S;-;2017;SG_SH;SG_SH_05;RC;GAIL;;GAILLAC;17GGAI_CH2;FRANCE;MIDI-PYRÉNÉES;TARN;;;;43.90182;1.89651;43.90182;1.89651;0;7;16;2;;08APL02_2R2_002;LAD;11;24;;;;;
43886;S;-;2017;SG_EA;SG_EA_08;RC;GAIL;GAIL;AUZEVILLE-TOLOSANE;17GAUZ_ESS;FRANCE;MIDI-PYRÉNÉES;HAUTE-GARONNE;;;;43.52919;1.48365;43.52919;1.48365;1;7;11;1;;03BCN04_1R_006;RCB;11;24;;;;;
25308;O;H;2018;OR_HS;OR_HS_05;RC;PREM;;PREMESQUES;18PPREOHTRESCO;FRANCE;NORD-PAS-DE-CALAIS;NORD;;;;50.6555;2.95212;50.6555;2.95212;1;7;36;2;;03BCN12_2R_001;RCB;8;80;;;;;
25309;O;H;2018;OR_AP;OR_AP_05;RC;PREM;;PREMESQUES;18PPREOHTRESCO;FRANCE;NORD-PAS-DE-CALAIS;NORD;;;;50.6555;2.95212;50.6555;2.95212;1;7;72;2;;06BCN12_2R_001;RCB;8;80;;;;;
43870;S;-;2017;SG_CA;SG_CA_01;RC;GAIL;GAIL;DALMAND;17GDAL_ESS;HUNGARY;TOLNA;DOMBÓVÁR;;;;46.49238;18.19008;46.49238;18.19008;1;7;10;2;;10BCN01_2R_014;RCB;11;24;;;;;
43640;S;-;2017;SG_CD;SG_CD_01;RC;GAIL;GAIL;DALMAND;17GDAL_ESS;HUNGARY;TOLNA;DOMBÓVÁR;;;;46.49238;18.19008;46.49238;18.19008;1;7;30;1;;05BCN06_1R_024;RCB;11;24;;;;;
43625;S;-;2017;SG_CE;SG_CE_04;RC;GAIL;GAIL;DALMAND;17GDAL_ESS;HUNGARY;TOLNA;DOMBÓVÁR;;;;46.49238;18.19008;46.49238;18.19008;1;7;20;1;;05BCN04_1R_022;RCB;11;24;;;;;
24074;O;H;2018;OR_G6;OR_G6_01;RC;PREM;;PREMESQUES;18PPREOHOBS;FRANCE;NORD-PAS-DE-CALAIS;NORD;;;;50.6555;2.95212;50.6555;2.95212;1;7;49;1;;49BCN01_1R_003;RCB;8;80;;;;;
24889;O;H;2018;OR_AA;OR_AA_55;RC;PREM;;LAMBALLE;18RLAMOH;FRANCE;BRETAGNE;CÔTES-D'ARMOR;;;;48.46864;-2.51732;48.46864;-2.51732;1;7;17;2;;17BCN01_2R_007;RCB;8;80;;;;;
22684;B;-;2018;B4_59;B4_59_04;RC;LOUV;LOUV;LOUVILLE-LA-CHENARD;18LLOUPPEc;FRANCE;CENTRE;EURE-ET-LOIR;;;;48.32784;1.78821;48.32784;1.78821;0;7;32;3;;08BCN04_3R_001;RCB;6;12;;;;;
22681;B;-;2018;B4_59;B4_59_05;RC;LOUV;LOUV;LOUVILLE APHANO;18LLOUPPEcA;FRANCE;CENTRE;EURE-ET-LOIR;;;;48.32784;1.78821;48.32784;1.78821;0;7;32;4;;08BCN04_4R_001;RCB;6;12;;;;;
22393;S;-;2018;SG_BC;SG_BC_05;RC;GAIL;GAIL;DIJON;18GDIJ_ESS;FRANCE;BOURGOGNE;CÔTE-D'OR;;47.21472;5.15042;47.32205;5.04148;47.21472;5.15042;1;7;40;1;;10BCN04_1R_026;RCB;11;24;1;1;1;;
22334;S;-;2018;SG_BD;SG_BD_05;RC;GAIL;GAIL;DIJON;18GDIJ_ESS;FRANCE;BOURGOGNE;CÔTE-D'OR;;47.21472;5.15042;47.32205;5.04148;47.21472;5.15042;1;7;40;1;;10BCN04_1R_031;RCB;11;24;;;;;
21014;S;-;2018;SG_BA;SG_BA_01;RC;GAIL;;ST MAURICE;18GSMG_ESS;FRANCE;RHÔNE-ALPES;AIN;;45.87056;5.1924;46.09682;4.81896;45.87056;5.1924;1;7;25;2;;10BCN03_2R_046;RCB;11;24;;;;;
21154;S;-;2018;SG_O1;SG_O1_05;RC;GAIL;;GAILLAC;18GGAI_ESS;FRANCE;MIDI-PYRÉNÉES;TARN;;43.91944;1.97861;43.90182;1.89651;43.91944;1.97861;0;7;21;3;;21BCN01_3R_005;RCB;11;24;;;;;
21230;S;-;2018;SG_EC;SG_EC_05;RC;GAIL;;GAILLAC;18GGAI_ESS;FRANCE;MIDI-PYRÉNÉES;TARN;;43.91944;1.97861;43.90182;1.89651;43.91944;1.97861;1;7;40;2;;10BCN04_2R_008;RCB;11;24;;;;;
21010;S;-;2018;SG_BA;SG_BA_04;RC;GAIL;;LOUANS;18GLOU_ESS;FRANCE;CENTRE;INDRE-ET-LOIRE;;47.16749;0.74285;47.18492;0.74638;47.16749;0.74285;1;7;25;2;;05BCN05_2R_013;RCB;11;24;;;;;
21881;S;-;2018;SG_DE;SG_DE_04;RC;GAIL;;DAUX;18GDAU_ESS;FRANCE;MIDI-PYRÉNÉES;HAUTE-GARONNE;;43.68152;1.29048;43.69411;1.26921;43.68152;1.29048;1;7;0;2;;10BCN03_2R_054;RCB;11;24;;;;;
21868;S;-;2018;SG_DG;SG_DG_04;RC;GAIL;;DAUX;18GDAU_ESS;FRANCE;MIDI-PYRÉNÉES;HAUTE-GARONNE;;43.68152;1.29048;43.69411;1.26921;43.68152;1.29048;1;7;0;2;;10BCN03_2R_056;RCB;11;24;;;;;
21659;S;-;2018;SG_ED;SG_ED_04;RC;GAIL;;DAUX;18GDAU_ESS;FRANCE;MIDI-PYRÉNÉES;HAUTE-GARONNE;;43.68152;1.29048;43.69411;1.26921;43.68152;1.29048;1;7;0;2;;10BCN03_2R_057;RCB;11;24;3;1;1;;
21831;S;-;2018;SG_DJ;SG_DJ_04;RC;GAIL;;DAUX;18GDAU_ESS;FRANCE;MIDI-PYRÉNÉES;HAUTE-GARONNE;;43.68152;1.29048;43.69411;1.26921;43.68152;1.29048;1;7;0;2;;10BCN03_2R_061;RCB;11;24;3;3;1;14;
21649;S;-;2018;SG_EF;SG_EF_04;RC;GAIL;;DAUX;18GDAU_ESS;FRANCE;MIDI-PYRÉNÉES;HAUTE-GARONNE;;43.68152;1.29048;43.69411;1.26921;43.68152;1.29048;1;7;0;2;;10BCN02_2R_046;RCB;11;24;3;3;3;15;15
21622;S;-;2018;SG_P5;SG_P5_04;RC;GAIL;;DAUX;18GDAU_ESS;FRANCE;MIDI-PYRÉNÉES;HAUTE-GARONNE;;43.68152;1.29048;43.69411;1.26921;43.68152;1.29048;1;7;0;2;;05BCN05_2R_015;RCB;11;24;1;2;1;17;
21876;S;-;2018;SG_CF;SG_CF_04;RC;GAIL;;DAUX;18GDAU_ESS;FRANCE;MIDI-PYRÉNÉES;HAUTE-GARONNE;;43.68152;1.29048;43.69411;1.26921;43.68152;1.29048;1;7;0;1;;10BCN03_1R_091;RCB;11;24;;;;;
21681;S;-;2018;SG_DB;SG_DB_08;RC;GAIL;;DURAS_47;18GDUR_ESS;FRANCE;AQUITAINE;LOT-ET-GARONNE;;44.66127;0.22917;44.67649;0.17921;44.66127;0.22917;1;7;0;1;;12BCN02_1R_015;RCB;11;24;;;;;
21677;S;-;2018;SG_DA;SG_DA_08;RC;GAIL;;DURAS_47;18GDUR_ESS;FRANCE;AQUITAINE;LOT-ET-GARONNE;;44.66127;0.22917;44.67649;0.17921;44.66127;0.22917;1;7;0;1;;10BCN02_1R_074;RCB;11;24;;;;;
21267;S;-;2018;SG_CC;SG_CC_01;RC;GAIL;;ST PAUL_26;18GSTP_ESS;FRANCE;RHÔNE-ALPES;DRÔME;;45.07409;5.11204;44.81433;5.02961;45.07409;5.11204;1;7;20;1;;10BCN02_1R_081;RCB;11;24;;;;;
21678;S;-;2018;SG_DA;SG_DA_06;RC;GAIL;;ST PAUL_26;18GSTP_ESS;FRANCE;RHÔNE-ALPES;DRÔME;;45.07409;5.11204;44.81433;5.02961;45.07409;5.11204;1;7;20;1;;10BCN02_1R_083;RCB;11;24;;;;;
21628;S;-;2018;SG_TT;SG_TT_04;RC;GAIL;;DAUX;18GDAU_ESS;FRANCE;MIDI-PYRÉNÉES;HAUTE-GARONNE;;43.68152;1.29048;43.69411;1.26921;43.68152;1.29048;1;7;30;1;;10BCN03_1R_105;RCB;11;24;;;;;
21342;S;-;2018;SG_TT;SG_TT_02;RC;GAIL;;LAVAUR;18GLAV_ESS;FRANCE;MIDI-PYRÉNÉES;TARN;;43.75326;1.7383;43.69919;1.8207;43.75326;1.7383;1;7;30;1;;10BCN03_1R_106;RCB;11;24;;;;;
21343;S;-;2018;SG_P0;SG_P0_04;RC;GAIL;;FESSENHEIM;18GFES_ESS;FRANCE;ALSACE;HAUT-RHIN;;47.91903;7.4812;47.91471;7.53763;47.91903;7.4812;1;7;20;1;;20BCN01_1R_022;RCB;11;24;;;;;
6171;S;-;2018;SD_BA;SD_BA_05;RC;DRUE;GAIL;DIJON;13GDIJ_ESS;FRANCE;BOURGOGNE;CÔTE-D'OR;;;;47.32205;5.04148;47.32205;5.04148;1;7;24;2;;12BCN02_2R_014;RCB;8;24;;;;;
6171;S;-;2018;SD_BA;SD_BA_05;RC;DRUE;GAIL;DIJON;13GDIJ_ESS;FRANCE;BOURGOGNE;CÔTE-D'OR;;;;47.32205;5.04148;47.32205;5.04148;1;7;24;2;;12BCN02_2R_014;RCB;11;15;;;;;
;S;-;2018;SD_BA;SD_BA_05;RC;DRUE;GAIL;DIJON;13GDIJ_ESS;FRANCE;BOURGOGNE;CÔTE-D'OR;;;;47.32205;5.04148;47.32205;5.04148;1;7;24;2;;12BCN02_2R_014;RCB;11;24;;;;;
6171;;-;2018;SD_BA;SD_BA_05;RC;DRUE;GAIL;DIJON;13GDIJ_ESS;FRANCE;BOURGOGNE;CÔTE-D'OR;;;;47.32205;5.04148;47.32205;5.04148;1;7;24;2;;12BCN02_2R_014;RCB;11;24;;;;;
6171;S;-;2018;SD_BA;SD_BA_05;RC;DRUE;GAIL;DIJON;13GDIJ_ESS;FRANCE;BOURGOGNE;CÔTE-D'OR;;;;47.32205;5.04148;47.32205;5.04148;1;7;24;2;;12BCN02_2R_014;RCB;;24;;;;;
6171;S;-;2018;SD_BA;SD_BA_05;RC;DRUE;GAIL;DIJON;13GDIJ_ESS;FRANCE;BOURGOGNE;CÔTE-D'OR;;;;47.32205;5.04148;47.32205;5.04148;1;7;24;2;;12BCN02_2R_014;RCB;11;;;;;;
6171;S;-;2018;;SD_BA_05;RC;DRUE;GAIL;DIJON;13GDIJ_ESS;FRANCE;BOURGOGNE;CÔTE-D'OR;;;;47.32205;5.04148;47.32205;5.04148;1;7;24;2;;12BCN02_2R_014;RCB;11;24;;;;;
6171;S;-;2018;SD_BA;;RC;DRUE;GAIL;DIJON;13GDIJ_ESS;FRANCE;BOURGOGNE;CÔTE-D'OR;;;;47.32205;5.04148;47.32205;5.04148;1;7;24;2;;12BCN02_2R_014;RCB;11;24;;;;;
