YEAR;SPECIES;SPECIES_SPECIFICITY;ORIGIN;SL_TRIAL;TRANSFER_APPY;SL_TRIAL_HASH;QUALIFICATION;RESULT;SPECIES_ID;SPECIES_SPECIFICITY_ID
2017;O;H;RC;OR_G7_05;0;;SOWING_DATE;26/09/2016;8;80
2015;W;-;RC;WL_06_05;1;;FHB_INO;NO;13;26
2015;W;-;RC;WL_06_05;1;;FGD;N;13;26
2015;W;-;RC;WL_06_05;1;;HARVEST_DATE;30/07/2015;13;26
2015;W;-;RC;WL_06_05;1;;SPRAY;N;13;26
2015;W;-;RC;WL_06_05;1;;PHOSPHATE;N;13;26
2015;W;-;RC;WL_06_05;1;;SOWING_DATE;29/09/2014;13;26
2015;W;-;RC;WL_54_05;1;;FHB_INO;NO;13;26
2015;W;-;RC;WL_54_05;1;;FGD;N;13;26
2015;W;-;RC;WL_54_05;1;;HARVEST_DATE;30/07/2015;13;26
2015;W;-;RC;WL_54_05;1;;SPRAY;N;13;26
2015;W;-;RC;WL_54_05;1;;PHOSPHATE;N;13;26
2015;W;-;RC;WL_54_05;1;;SOWING_DATE;29/09/2014;13;26
2015;W;-;RC;WL_57_05;1;;FHB_INO;NO;13;26
2015;W;-;RC;WL_57_05;1;;FGD;N;13;26
2015;W;-;RC;WL_57_05;1;;HARVEST_DATE;30/07/2015;13;26
2015;W;-;RC;WL_57_05;1;;SPRAY;N;13;26
2015;W;-;RC;WL_57_05;1;;PHOSPHATE;N;13;26
2015;W;-;RC;WL_57_05;1;;SOWING_DATE;29/09/2014;13;26
2015;W;-;RC;WL_06_04;1;;FHB_INO;NO;13;26
2015;W;-;RC;WL_06_04;1;;FGD;Y;13;26
2015;W;-;RC;WL_06_04;1;;HARVEST_DATE;30/07/2015;13;26
2015;W;-;RC;WL_06_04;1;;SPRAY;N;13;26
2015;W;-;RC;WL_06_04;1;;PHOSPHATE;N;13;26
2015;W;-;RC;WL_06_04;1;;SOWING_DATE;29/09/2014;13;26
2015;W;-;RC;WL_04_04;1;;FHB_INO;NO;13;26
2015;W;-;RC;WL_04_04;1;;FGD;Y;13;26
2015;W;-;RC;WL_04_04;1;;HARVEST_DATE;30/07/2015;13;26
2015;W;-;RC;WL_04_04;1;;SPRAY;N;13;26
2015;W;-;RC;WL_04_04;1;;PHOSPHATE;N;13;26
2015;W;-;RC;WL_04_04;1;;SOWING_DATE;29/09/2014;13;26
2015;W;-;RC;WL_52_02;1;;FHB_INO;NO;13;26
2015;W;-;RC;WL_52_02;1;;FGD;Y;13;26
2015;W;-;RC;WL_52_02;1;;HARVEST_DATE;16/07/2015;13;26
2015;W;-;RC;WL_52_02;1;;SPRAY;N;13;26
2015;W;-;RC;WL_52_02;1;;PHOSPHATE;N;13;26
2015;W;-;RC;WL_52_02;1;;SOWING_DATE;29/09/2014;13;26
2015;W;-;RC;WL_57_02;1;;FHB_INO;NO;13;26
2015;W;-;RC;WL_57_02;1;;FGD;Y;13;26
2015;W;-;RC;WL_57_02;1;;HARVEST_DATE;16/07/2015;13;26
2015;W;-;RC;WL_57_02;1;;SPRAY;N;13;26
2015;W;-;RC;WL_57_02;1;;PHOSPHATE;N;13;26
2015;W;-;RC;WL_57_02;1;;SOWING_DATE;29/09/2014;13;26
2015;W;-;RC;WL_58_02;1;;FHB_INO;NO;13;26
2015;W;-;RC;WL_58_02;1;;FGD;Y;13;26
2015;W;-;RC;WL_58_02;1;;HARVEST_DATE;16/07/2015;13;26
2015;W;-;RC;WL_58_02;1;;SPRAY;N;13;26
2015;W;-;RC;WL_58_02;1;;PHOSPHATE;N;13;26
2015;W;-;RC;WL_58_02;1;;SOWING_DATE;29/09/2014;13;26
2015;W;-;RC;WL_79_05;0;;FHB_INO;NO;13;26
2015;W;-;RC;WL_79_05;0;;FGD;Y;13;26
2015;W;-;RC;WL_79_05;0;;HARVEST_DATE;20/07/2015;13;26
2015;W;-;RC;WL_79_05;0;;SPRAY;Y;13;26
2015;W;-;RC;WL_79_05;0;;PHOSPHATE;N;13;26
2015;W;-;RC;WL_79_05;0;;SOWING_DATE;29/09/2014;13;26
2015;W;-;RC;WL_84_05;0;;FHB_INO;NO;13;26
2015;W;-;RC;WL_84_05;0;;FGD;Y;13;26
2015;W;-;RC;WL_84_05;0;;HARVEST_DATE;20/07/2015;13;26
2015;W;-;RC;WL_84_05;0;;SPRAY;Y;13;26
2015;W;-;RC;WL_84_05;0;;PHOSPHATE;N;13;26
2015;W;-;RC;WL_84_05;0;;SOWING_DATE;29/09/2014;13;26
2015;W;-;RC;WL_58_07;1;;FHB_INO;NO;13;26
2015;W;-;RC;WL_58_07;1;;FGD;N;13;26
2015;W;-;RC;WL_58_07;1;;HARVEST_DATE;31/07/2015;13;26
2015;W;-;RC;WL_58_07;1;;SPRAY;N;13;26
2015;W;-;RC;WL_58_07;1;;PHOSPHATE;N;13;26
2015;W;-;RC;WL_58_07;1;;SOWING_DATE;01/10/2014;13;26
2015;W;-;RC;WL_56_07;1;;FHB_INO;NO;13;26
2015;W;-;RC;WL_56_07;1;;FGD;N;13;26
2015;W;-;RC;WL_56_07;1;;HARVEST_DATE;31/07/2015;13;26
2015;W;-;RC;WL_56_07;1;;SPRAY;N;13;26
2015;W;-;RC;WL_56_07;1;;PHOSPHATE;N;13;26
2015;W;-;RC;WL_56_07;1;;SOWING_DATE;01/10/2014;13;26
2015;W;-;RC;WL_59_07;1;;FHB_INO;NO;13;26
2015;W;-;RC;WL_59_07;1;;FGD;N;13;26
2015;W;-;RC;WL_59_07;1;;HARVEST_DATE;31/07/2015;13;26
2015;W;-;RC;WL_59_07;1;;SPRAY;N;13;26
2015;W;-;RC;WL_59_07;1;;PHOSPHATE;N;13;26
2015;W;-;RC;WL_59_07;1;;SOWING_DATE;01/10/2014;13;26
2015;W;-;RC;WL_04_09;1;;FHB_INO;NO;13;26
2015;W;-;RC;WL_04_09;1;;FGD;Y;13;26
2015;W;-;RC;WL_04_09;1;;HARVEST_DATE;29/07/2015;13;26
2015;W;-;RC;WL_04_09;1;;SPRAY;N;13;26
2015;W;-;RC;WL_04_09;1;;PHOSPHATE;N;13;26
2015;W;-;RC;WL_04_09;1;;SOWING_DATE;01/10/2014;13;26
2015;W;-;RC;WL_26_01;0;;FHB_INO;NO;13;26
2015;W;-;RC;WL_26_01;0;;FGD;Y;13;26
2015;W;-;RC;WL_26_01;0;;HARVEST_DATE;29/07/2015;13;26
2015;W;-;RC;WL_26_01;0;;SPRAY;N;13;26
2015;W;-;RC;WL_26_01;0;;PHOSPHATE;N;13;26
2015;W;-;RC;WL_26_01;0;;SOWING_DATE;01/10/2014;13;26
2015;W;-;RC;WL_07_01;1;;FHB_INO;NO;13;26
2015;W;-;RC;WL_07_01;1;;FGD;Y;13;26
2015;W;-;RC;WL_07_01;1;;HARVEST_DATE;29/07/2015;13;26
2015;W;-;RC;WL_07_01;1;;SPRAY;N;13;26
2015;W;-;RC;WL_07_01;1;;PHOSPHATE;N;13;26
2015;W;-;RC;WL_07_01;1;;SOWING_DATE;01/10/2014;13;26
2015;W;-;RC;WO_58_04;0;;FHB_INO;SPRAYING;13;26
2015;W;-;RC;WO_58_04;0;;FGD;Y;13;26
2015;W;-;RC;WO_58_04;0;;HARVEST_DATE;21/07/2015;13;26
2015;W;-;RC;WO_58_04;0;;SPRAY;N;13;26
2015;W;-;RC;WO_58_04;0;;PHOSPHATE;N;13;26
2015;W;-;RC;WO_58_04;0;;SOWING_DATE;03/10/2014;13;26
2015;W;-;RC;WO_40_04;0;;FHB_INO;SPRAYING;13;26
2015;W;-;RC;WO_40_04;0;;FGD;Y;13;26
2015;W;-;RC;WO_40_04;0;;HARVEST_DATE;21/07/2015;13;26
2015;W;-;RC;WO_40_04;0;;SPRAY;N;13;26
2015;W;-;RC;WO_40_04;0;;PHOSPHATE;N;13;26
2015;W;-;RC;WO_40_04;0;;SOWING_DATE;03/10/2014;13;26
2015;W;-;RC;WO_43_04;0;;FHB_INO;SPRAYING;13;26
2015;W;-;RC;WO_43_04;0;;FGD;Y;13;26
2015;W;-;RC;WO_43_04;0;;HARVEST_DATE;21/07/2015;13;26
2015;W;-;RC;WO_43_04;0;;SPRAY;N;13;26
2015;W;-;RC;WO_43_04;0;;PHOSPHATE;N;13;26
2015;W;-;RC;WO_43_04;0;;SOWING_DATE;28/10/2014;13;26
2015;W;-;RC;WO_21_04;0;;FHB_INO;SPRAYING;13;26
2015;W;-;RC;WO_21_04;0;;FGD;Y;13;26
2015;W;-;RC;WO_21_04;0;;HARVEST_DATE;21/07/2015;13;26
2015;W;-;RC;WO_21_04;0;;SPRAY;N;13;26
2015;W;-;RC;WO_21_04;0;;PHOSPHATE;N;13;26
2015;W;-;RC;WO_21_04;0;;SOWING_DATE;28/10/2014;13;26
2015;W;-;RC;WO_28_04;0;;FHB_INO;SPRAYING;13;26
2015;W;-;RC;WO_28_04;0;;FGD;Y;13;26
2015;W;-;RC;WO_28_04;0;;HARVEST_DATE;21/07/2015;13;26
2015;W;-;RC;WO_28_04;0;;SPRAY;N;13;26
2015;W;-;RC;WO_28_04;0;;PHOSPHATE;N;13;26
2015;W;-;RC;WO_28_04;0;;SOWING_DATE;28/10/2014;13;26
2015;W;-;RC;WO_26_04;0;;FHB_INO;SPRAYING;13;26
2015;W;-;RC;WO_26_04;0;;FGD;Y;13;26
2015;W;-;RC;WO_26_04;0;;HARVEST_DATE;21/07/2015;13;26
2015;W;-;RC;WO_26_04;0;;SPRAY;N;13;26
2015;W;-;RC;WO_26_04;0;;PHOSPHATE;N;13;26
2015;W;-;RC;WO_26_04;0;;SOWING_DATE;28/10/2014;13;26
2015;W;-;RC;WO_19_04;0;;FHB_INO;SPRAYING;13;26
2015;W;-;RC;WO_19_04;0;;FGD;Y;13;26
2015;W;-;RC;WO_19_04;0;;HARVEST_DATE;21/07/2015;13;26
2015;W;-;RC;WO_19_04;0;;SPRAY;N;13;26
2015;W;-;RC;WO_19_04;0;;PHOSPHATE;N;13;26
2015;W;-;RC;WO_19_04;0;;SOWING_DATE;28/10/2014;13;26
2015;W;-;RC;WO_78_04;0;;FHB_INO;SPRAYING;13;26
2015;W;-;RC;WO_78_04;0;;FGD;Y;13;26
2015;W;-;RC;WO_78_04;0;;HARVEST_DATE;21/07/2015;13;26
2015;W;-;RC;WO_78_04;0;;SPRAY;N;13;26
2015;W;-;RC;WO_78_04;0;;PHOSPHATE;N;13;26
2015;W;-;RC;WO_78_04;0;;SOWING_DATE;28/10/2014;13;26
2015;W;-;RC;WO_85_04;0;;FHB_INO;SPRAYING;13;26
2015;W;-;RC;WO_85_04;0;;FGD;Y;13;26
2015;W;-;RC;WO_85_04;0;;HARVEST_DATE;21/07/2015;13;26
2015;W;-;RC;WO_85_04;0;;SPRAY;N;13;26
2015;W;-;RC;WO_85_04;0;;PHOSPHATE;N;13;26
2015;W;-;RC;WO_85_04;0;;SOWING_DATE;28/10/2014;13;26
2015;W;-;RC;WO_84_05;0;;FHB_INO;NO;13;26
2015;W;-;RC;WO_84_05;0;;FGD;N;13;26
2015;W;-;RC;WO_84_05;0;;HARVEST_DATE;22/07/2015;13;26
2015;W;-;RC;WO_84_05;0;;SPRAY;N;13;26
2015;W;-;RC;WO_84_05;0;;PHOSPHATE;N;13;26
2015;W;-;RC;WO_84_05;0;;SOWING_DATE;24/10/2014;13;26
2015;W;-;RC;WO_87_05;0;;FHB_INO;NO;13;26
2015;W;-;RC;WO_87_05;0;;FGD;N;13;26
2015;W;-;RC;WO_87_05;0;;HARVEST_DATE;22/07/2015;13;26
2015;W;-;RC;WO_87_05;0;;SPRAY;N;13;26
2015;W;-;RC;WO_87_05;0;;PHOSPHATE;N;13;26
2015;W;-;RC;WO_87_05;0;;SOWING_DATE;24/10/2014;13;26
2015;W;-;RC;WO_13_05;0;;FHB_INO;NO;13;26
2015;W;-;RC;WO_13_05;0;;FGD;N;13;26
2015;W;-;RC;WO_13_05;0;;HARVEST_DATE;22/07/2015;13;26
2015;W;-;RC;WO_13_05;0;;SPRAY;N;13;26
2015;W;-;RC;WO_13_05;0;;PHOSPHATE;N;13;26
2015;W;-;RC;WO_13_05;0;;SOWING_DATE;24/10/2014;13;26
2015;W;-;RC;WO_71_05;0;;FHB_INO;NO;13;26
2015;W;-;RC;WO_71_05;0;;FGD;N;13;26
2015;W;-;RC;WO_71_05;0;;HARVEST_DATE;22/07/2015;13;26
2015;W;-;RC;WO_71_05;0;;SPRAY;N;13;26
2015;W;-;RC;WO_71_05;0;;PHOSPHATE;N;13;26
2015;W;-;RC;WO_71_05;0;;SOWING_DATE;24/10/2014;13;26
2015;W;-;RC;WO_45_05;0;;FHB_INO;NO;13;26
2015;W;-;RC;WO_45_05;0;;FGD;N;13;26
2015;W;-;RC;WO_45_05;0;;HARVEST_DATE;22/07/2015;13;26
2015;W;-;RC;WO_45_05;0;;SPRAY;N;13;26
2015;W;-;RC;WO_45_05;0;;PHOSPHATE;N;13;26
2015;W;-;RC;WO_45_05;0;;SOWING_DATE;03/10/2014;13;26
2015;W;-;RC;WO_49_05;0;;FHB_INO;NO;13;26
2015;W;-;RC;WO_49_05;0;;FGD;N;13;26
2015;W;-;RC;WO_49_05;0;;HARVEST_DATE;22/07/2015;13;26
2015;W;-;RC;WO_49_05;0;;SPRAY;N;13;26
2015;W;-;RC;WO_49_05;0;;PHOSPHATE;N;13;26
2015;W;-;RC;WO_49_05;0;;SOWING_DATE;24/10/2014;13;26
2015;W;-;RC;WO_02_05;0;;FHB_INO;NO;13;26
2015;W;-;RC;WO_02_05;0;;FGD;N;13;26
2015;W;-;RC;WO_02_05;0;;HARVEST_DATE;22/07/2015;13;26
2015;W;-;RC;WO_02_05;0;;SPRAY;N;13;26
2015;W;-;RC;WO_02_05;0;;PHOSPHATE;N;13;26
2015;W;-;RC;WO_02_05;0;;SOWING_DATE;03/10/2014;13;26
2015;W;-;RC;WO_06_05;0;;FHB_INO;NO;13;26
2015;W;-;RC;WO_06_05;0;;FGD;N;13;26
2015;W;-;RC;WO_06_05;0;;HARVEST_DATE;22/07/2015;13;26
2015;W;-;RC;WO_06_05;0;;SPRAY;N;13;26
2015;W;-;RC;WO_06_05;0;;PHOSPHATE;N;13;26
2015;W;-;RC;WO_06_05;0;;SOWING_DATE;03/10/2014;13;26
2015;W;-;RC;WL_54_09;1;;FHB_INO;NO;13;26
2015;W;-;RC;WL_54_09;1;;FGD;Y;13;26
2015;W;-;RC;WL_54_09;1;;HARVEST_DATE;23/07/2015;13;26
2015;W;-;RC;WL_54_09;1;;SPRAY;N;13;26
2015;W;-;RC;WL_54_09;1;;PHOSPHATE;N;13;26
2015;W;-;RC;WL_54_09;1;;SOWING_DATE;03/10/2014;13;26
2015;W;-;RC;WL_58_09;1;;FHB_INO;NO;13;26
2015;W;-;RC;WL_58_09;1;;FGD;Y;13;26
2015;W;-;RC;WL_58_09;1;;HARVEST_DATE;23/07/2015;13;26
2015;W;-;RC;WL_58_09;1;;SPRAY;N;13;26
2015;W;-;RC;WL_58_09;1;;PHOSPHATE;N;13;26
2015;W;-;RC;WL_58_09;1;;SOWING_DATE;03/10/2014;13;26
2015;W;-;RC;WL_81_02;0;;FHB_INO;NO;13;26
2015;W;-;RC;WL_81_02;0;;FGD;Y;13;26
2015;W;-;RC;WL_81_02;0;;HARVEST_DATE;23/07/2015;13;26
2015;W;-;RC;WL_81_02;0;;SPRAY;N;13;26
2015;W;-;RC;WL_81_02;0;;PHOSPHATE;N;13;26
2015;W;-;RC;WL_81_02;0;;SOWING_DATE;03/10/2014;13;26
2015;W;-;RC;WL_09_07;1;;FHB_INO;SPRAYING;13;26
2015;W;-;RC;WL_09_07;1;;FGD;N;13;26
2015;W;-;RC;WL_09_07;1;;HARVEST_DATE;22/07/2015;13;26
2015;W;-;RC;WL_09_07;1;;SPRAY;N;13;26
2015;W;-;RC;WL_09_07;1;;PHOSPHATE;N;13;26
2015;W;-;RC;WL_09_07;1;;SOWING_DATE;03/10/2014;13;26
2015;W;-;RC;WL_50_07;1;;FHB_INO;SPRAYING;13;26
2015;W;-;RC;WL_50_07;1;;FGD;N;13;26
2015;W;-;RC;WL_50_07;1;;HARVEST_DATE;22/07/2015;13;26
2015;W;-;RC;WL_50_07;1;;SPRAY;N;13;26
2015;W;-;RC;WL_50_07;1;;PHOSPHATE;N;13;26
2015;W;-;RC;WL_50_07;1;;SOWING_DATE;03/10/2014;13;26
2015;W;-;RC;WL_40_04;1;;FHB_INO;SPRAYING;13;26
2015;W;-;RC;WL_40_04;1;;FGD;N;13;26
2015;W;-;RC;WL_40_04;1;;HARVEST_DATE;22/07/2015;13;26
2015;W;-;RC;WL_40_04;1;;SPRAY;N;13;26
2015;W;-;RC;WL_40_04;1;;PHOSPHATE;N;13;26
2015;W;-;RC;WL_40_04;1;;SOWING_DATE;03/10/2014;13;26
2015;W;-;RC;WL_14_02;0;;FHB_INO;NO;13;26
2015;W;-;RC;WL_14_02;0;;FGD;Y;13;26
2015;W;-;RC;WL_14_02;0;;HARVEST_DATE;24/07/2015;13;26
2015;W;-;RC;WL_14_02;0;;SPRAY;N;13;26
2015;W;-;RC;WL_14_02;0;;PHOSPHATE;N+;13;26
2015;W;-;RC;WL_14_02;0;;SOWING_DATE;03/10/2014;13;26
2015;W;-;RC;WL_12_05;0;;FHB_INO;NO;13;26
2015;W;-;RC;WL_12_05;0;;FGD;Y;13;26
2015;W;-;RC;WL_12_05;0;;HARVEST_DATE;17/07/2015;13;26
2015;W;-;RC;WL_12_05;0;;SPRAY;N;13;26
2015;W;-;RC;WL_12_05;0;;PHOSPHATE;N;13;26
2015;W;-;RC;WL_12_05;0;;SOWING_DATE;03/10/2014;13;26
2015;W;-;RC;WL_01_02;1;;FHB_INO;SPRAYING;13;26
2015;W;-;RC;WL_01_02;1;;FGD;N;13;26
2015;W;-;RC;WL_01_02;1;;HARVEST_DATE;16/07/2015;13;26
2015;W;-;RC;WL_01_02;1;;SPRAY;N;13;26
2015;W;-;RC;WL_01_02;1;;PHOSPHATE;N;13;26
2015;W;-;RC;WL_01_02;1;;SOWING_DATE;03/10/2014;13;26
2015;D;-;RC;DD_BB_02;1;;FGD;Y;7;15
2015;D;-;RC;DD_BB_02;1;;HARVEST_DATE;21/07/2015;7;15
2015;D;-;RC;DD_BB_02;1;;SOWING_DATE;20/10/2014;7;15
2015;D;-;RC;DD_CH_04;1;;FGD;Y;7;15
2015;D;-;RC;DD_CH_04;1;;HARVEST_DATE;21/07/2015;7;15
2015;D;-;RC;DD_CH_04;1;;SOWING_DATE;20/10/2014;7;15
2015;O;H;RC;OR_AL_05;0;;HARVEST_DATE;17/07/2015;8;80
2015;O;H;RC;OR_AL_05;0;;SPRAY;N;8;80
2015;O;H;RC;OR_AL_05;0;;SOWING_DATE;01/10/2014;8;80
2015;O;H;RC;OR_OA_05;1;;SOWING_DATE;02/10/2014;8;80
2015;O;H;RC;OR_HE_05;1;;SOWING_DATE;02/10/2014;8;80
2015;O;H;RC;OR_HP_05;1;;SOWING_DATE;02/10/2014;8;80
2015;O;H;RC;OR_HQ_05;1;;SOWING_DATE;02/10/2014;8;80
2015;O;H;RC;OR_HH_04;1;;SPRAY;N;8;80
2015;O;H;RC;OR_HH_04;1;;SOWING_DATE;02/10/2014;8;80
2015;O;H;RC;OR_HK_04;1;;SPRAY;N;8;80
2015;O;H;RC;OR_HK_04;1;;SOWING_DATE;02/10/2014;8;80
2015;O;H;RC;OR_HM_04;1;;SPRAY;N;8;80
2015;O;H;RC;OR_HM_04;1;;SOWING_DATE;02/10/2014;8;80
2015;O;H;RC;OR_HB_04;1;;SPRAY;N;8;80
2015;O;H;RC;OR_HB_04;1;;SOWING_DATE;01/10/2014;8;80
2015;O;H;RC;OR_HA_01;1;;HARVEST_DATE;30/06/2015;8;80
2015;O;H;RC;OR_HA_01;1;;SOWING_DATE;04/10/2014;8;80
2015;O;H;RC;OR_HB_01;1;;HARVEST_DATE;30/06/2015;8;80
2015;O;H;RC;OR_HB_01;1;;SOWING_DATE;04/10/2014;8;80
2015;O;H;RC;OR_HK_02;1;;HARVEST_DATE;30/06/2015;8;80
2015;O;H;RC;OR_HK_02;1;;SOWING_DATE;03/10/2014;8;80
2015;O;H;RC;OR_HL_02;1;;HARVEST_DATE;30/06/2015;8;80
2015;O;H;RC;OR_HL_02;1;;SOWING_DATE;03/10/2014;8;80
2015;O;H;RC;OR_HH_02;1;;HARVEST_DATE;30/06/2015;8;80
2015;O;H;RC;OR_HH_02;1;;SOWING_DATE;03/10/2014;8;80
2015;O;H;RC;OR_K3_04;0;;HARVEST_DATE;30/06/2015;8;80
2015;O;H;RC;OR_K3_04;0;;SOWING_DATE;03/10/2014;8;80
2015;O;H;RC;OR_C4_45;0;;HARVEST_DATE;30/06/2015;8;80
2015;O;H;RC;OR_C4_45;0;;SOWING_DATE;03/10/2014;8;80
2015;O;H;RC;OR_I5_57;0;;FHB_INO;NO;8;80
2015;O;H;RC;OR_I5_57;0;;FGD;N;8;80
2015;O;H;RC;OR_I5_57;0;;HARVEST_DATE;08/07/2015;8;80
2015;O;H;RC;OR_I5_57;0;;SPRAY;N;8;80
2015;O;H;RC;OR_I5_57;0;;PHOSPHATE;N;8;80
2015;O;H;RC;OR_I5_57;0;;SOWING_DATE;02/10/2014;8;80
2015;O;H;RC;OR_I5_58;0;;FHB_INO;NO;8;80
2015;O;H;RC;OR_I5_58;0;;FGD;N;8;80
2015;O;H;RC;OR_I5_58;0;;HARVEST_DATE;08/07/2015;8;80
2015;O;H;RC;OR_I5_58;0;;SPRAY;N;8;80
2015;O;H;RC;OR_I5_58;0;;PHOSPHATE;N;8;80
2015;O;H;RC;OR_I5_58;0;;SOWING_DATE;02/10/2014;8;80
2015;O;H;RC;OR_I5_41;0;;FHB_INO;NO;8;80
2015;O;H;RC;OR_I5_41;0;;FGD;N;8;80
2015;O;H;RC;OR_I5_41;0;;HARVEST_DATE;08/07/2015;8;80
2015;O;H;RC;OR_I5_41;0;;SPRAY;N;8;80
2015;O;H;RC;OR_I5_41;0;;PHOSPHATE;N;8;80
2015;O;H;RC;OR_I5_41;0;;SOWING_DATE;02/10/2014;8;80
2015;O;H;RC;OR_HL_07;1;;FHB_INO;NO;8;80
2015;O;H;RC;OR_HL_07;1;;FGD;N;8;80
2015;O;H;RC;OR_HL_07;1;;HARVEST_DATE;08/07/2015;8;80
2015;O;H;RC;OR_HL_07;1;;SPRAY;N;8;80
2015;O;H;RC;OR_HL_07;1;;PHOSPHATE;N;8;80
2015;O;H;RC;OR_HL_07;1;;SOWING_DATE;02/10/2014;8;80
2015;O;H;RC;OR_HN_07;1;;FHB_INO;NO;8;80
2015;O;H;RC;OR_HN_07;1;;FGD;N;8;80
2015;O;H;RC;OR_HN_07;1;;HARVEST_DATE;08/07/2015;8;80
2015;O;H;RC;OR_HN_07;1;;SPRAY;N;8;80
2015;O;H;RC;OR_HN_07;1;;PHOSPHATE;N;8;80
2015;O;H;RC;OR_HN_07;1;;SOWING_DATE;02/10/2014;8;80
2015;O;H;RC;OR_HJ_08;1;;FHB_INO;NO;8;80
2015;O;H;RC;OR_HJ_08;1;;FGD;Y;8;80
2015;O;H;RC;OR_HJ_08;1;;HARVEST_DATE;08/07/2015;8;80
2015;O;H;RC;OR_HJ_08;1;;SPRAY;N;8;80
2015;O;H;RC;OR_HJ_08;1;;PHOSPHATE;N;8;80
2015;O;H;RC;OR_HJ_08;1;;SOWING_DATE;03/10/2014;8;80
2015;A;-;RC;AR_57_05;1;;HARVEST_DATE;03/07/2015;5;9
2015;A;-;RC;AR_57_05;1;;SOWING_DATE;04/10/2015;5;9
2015;O;H;RC;OR_AE_07;1;;SOWING_DATE;27/10/2014;8;80
2015;O;H;RC;OR_AG_07;1;;SOWING_DATE;27/10/2014;8;80
2015;O;H;RC;OR_HU_04;0;;SPRAY;N;8;80
2015;O;H;RC;OR_HU_04;0;;SOWING_DATE;27/10/2014;8;80
2015;O;H;RC;OR_K52_04;0;;SPRAY;N;8;80
2015;O;H;RC;OR_K58_04;0;;SPRAY;N;8;80
2015;O;H;RC;OR_K59_04;0;;SPRAY;N;8;80
2015;O;H;RC;OR_AO_05;0;;SPRAY;N;8;80
2015;O;H;RC;OR_K6_04;0;;SPRAY;N;8;80
2015;D;-;RC;DM_TD_04;0;;SOWING_DATE;29/11/2014;7;15
2015;D;-;RC;DM_CL_05;1;;SOWING_DATE;30/11/2014;7;15
2015;D;-;RC;DM_CA_04;0;;SOWING_DATE;30/11/2014;7;15
2015;D;-;RC;DM_GC_05;1;;SOWING_DATE;30/11/2014;7;15
2015;D;-;RC;DM_GE_05;1;;SOWING_DATE;30/11/2014;7;15
2015;D;-;RC;DM_IR_05;1;;SOWING_DATE;30/11/2014;7;15
2015;D;-;RC;DM_HG_05;1;;SOWING_DATE;30/11/2014;7;15
2015;D;-;RC;DM_HY_05;1;;SOWING_DATE;30/11/2014;7;15
2015;D;-;RC;DM_IJ_05;1;;SOWING_DATE;30/11/2014;7;15
2015;D;-;RC;DM_DJ_05;0;;SOWING_DATE;30/11/2014;7;15
2015;D;-;RC;DM_DL_05;0;;SOWING_DATE;30/11/2014;7;15
2015;D;-;RC;DM_DM_05;0;;SOWING_DATE;30/11/2014;7;15
2015;O;H;RC;OR_HT_04;0;;SPRAY;N;8;80
2015;O;H;RC;OR_HT_04;0;;SOWING_DATE;24/09/2014;8;80
2015;O;H;RC;OR_K3_05;0;;SPRAY;N;8;80
2015;O;H;RC;OR_K3_05;0;;SOWING_DATE;27/10/2014;8;80
2015;O;H;RC;OR_C5_05;0;;SPRAY;N;8;80
2015;O;H;RC;OR_C5_05;0;;SOWING_DATE;23/09/2014;8;80
2015;O;H;RC;OR_C4_03;0;;SPRAY;N;8;80
2015;O;H;RC;OR_C4_03;0;;SOWING_DATE;23/09/2014;8;80
2015;O;H;RC;OR_I5_50;0;;SPRAY;N;8;80
2015;O;H;RC;OR_I5_50;0;;SOWING_DATE;23/09/2014;8;80
2015;O;H;RC;OR_G5_04;0;;SPRAY;N;8;80
2015;O;H;RC;OR_G5_04;0;;SOWING_DATE;23/09/2014;8;80
2015;A;-;RC;AR_04_04;1;;SOWING_DATE;09/10/2014;5;9
2015;A;-;RC;AR_01_04;1;;SOWING_DATE;09/10/2014;5;9
2015;T;-;RC;TD_TL_04;0;;SOWING_DATE;16/10/2014;12;25
2015;T;-;RC;TD_TM_04;0;;SOWING_DATE;16/10/2014;12;25
2015;T;-;RC;TD_TE_05;1;;SOWING_DATE;22/10/2014;12;25
2015;T;-;RC;TD_SD_05;1;;SOWING_DATE;22/10/2014;12;25
2015;T;-;RC;TD_VM_05;1;;SOWING_DATE;22/10/2014;12;25
2015;T;-;RC;TD_TK_05;1;;SOWING_DATE;22/10/2014;12;25
2015;T;-;RC;TD_TD_07;1;;SOWING_DATE;22/10/2014;12;25
2015;T;-;RC;TD_TD_09;1;;SOWING_DATE;23/10/2014;12;25
2015;T;-;RC;TD_TA_50;1;;SOWING_DATE;23/10/2014;12;25
2015;T;-;RC;TD_TG_01;1;;SOWING_DATE;23/10/2014;12;25
2015;T;-;RC;TD_TC_54;1;;SOWING_DATE;30/10/2014;12;25
2015;T;-;RC;TD_VR_04;1;;SOWING_DATE;20/11/2014;12;25
2015;T;-;RC;TD_TE_01;1;;SOWING_DATE;20/11/2014;12;25
2015;T;-;RC;TD_VM_04;0;;SOWING_DATE;20/11/2014;12;25
2015;T;-;RC;TD_VB_04;0;;SOWING_DATE;20/11/2014;12;25
2015;T;-;RC;TD_VF_04;1;;SOWING_DATE;20/11/2014;12;25
2015;T;-;RC;TD_VG_04;1;;SOWING_DATE;20/11/2014;12;25
2015;T;-;RC;TD_D4_4_05;1;;SOWING_DATE;09/10/2014;12;25
2015;T;-;RC;TD_D2_08;1;;SOWING_DATE;15/10/2014;12;25
2015;W;-;RC;WT_04_05;0;;FHB_INO;NO;13;26
2015;W;-;RC;WT_04_05;0;;SPRAY;N;13;26
2015;W;-;RC;WT_04_05;0;;PHOSPHATE;N;13;26
2015;W;-;RC;WT_04_05;0;;SOWING_DATE;29/10/2014;13;26
2015;W;-;RC;WT_08_04;0;;FHB_INO;NO;13;26
2015;W;-;RC;WT_08_04;0;;SPRAY;N;13;26
2015;W;-;RC;WT_08_04;0;;PHOSPHATE;N;13;26
2015;W;-;RC;WT_08_04;0;;SOWING_DATE;29/10/2014;13;26
2015;W;-;RC;WT_09_04;0;;FHB_INO;NO;13;26
2015;W;-;RC;WT_09_04;0;;SPRAY;N;13;26
2015;W;-;RC;WT_09_04;0;;PHOSPHATE;N;13;26
2015;W;-;RC;WT_09_04;0;;SOWING_DATE;29/10/2014;13;26
2015;W;-;RC;WL_01_08;1;;FHB_INO;NO;13;26
2015;W;-;RC;WL_01_08;1;;SPRAY;N;13;26
2015;W;-;RC;WL_01_08;1;;PHOSPHATE;N;13;26
2015;W;-;RC;WL_01_08;1;;SOWING_DATE;28/10/2014;13;26
2015;W;-;RC;WL_45_02;1;;FHB_INO;NO;13;26
2015;W;-;RC;WL_45_02;1;;SPRAY;N;13;26
2015;W;-;RC;WL_45_02;1;;PHOSPHATE;N;13;26
2015;W;-;RC;WL_45_02;1;;SOWING_DATE;28/10/2014;13;26
2015;W;-;RC;WL_48_04;1;;FHB_INO;NO;13;26
2015;W;-;RC;WL_48_04;1;;SPRAY;N;13;26
2015;W;-;RC;WL_48_04;1;;PHOSPHATE;N;13;26
2015;W;-;RC;WL_48_04;1;;SOWING_DATE;28/10/2014;13;26
2015;W;-;RC;WL_29_01;0;;FHB_INO;NO;13;26
2015;W;-;RC;WL_29_01;0;;SPRAY;N;13;26
2015;W;-;RC;WL_29_01;0;;PHOSPHATE;N;13;26
2015;W;-;RC;WL_29_01;0;;SOWING_DATE;28/10/2014;13;26
2015;W;-;RC;WL_15_04;0;;FHB_INO;NO;13;26
2015;W;-;RC;WL_15_04;0;;SPRAY;N;13;26
2015;W;-;RC;WL_15_04;0;;PHOSPHATE;N;13;26
2015;W;-;RC;WL_15_04;0;;SOWING_DATE;28/10/2014;13;26
2015;W;-;RC;WL_18_05;0;;FHB_INO;NO;13;26
2015;W;-;RC;WL_18_05;0;;SPRAY;N;13;26
2015;W;-;RC;WL_18_05;0;;PHOSPHATE;N;13;26
2015;W;-;RC;WL_18_05;0;;SOWING_DATE;28/10/2014;13;26
2015;W;-;RC;WL_77_07;0;;FHB_INO;NO;13;26
2015;W;-;RC;WL_77_07;0;;FGD;Y;13;26
2015;W;-;RC;WL_77_07;0;;HARVEST_DATE;23/07/2015;13;26
2015;W;-;RC;WL_77_07;0;;SPRAY;N;13;26
2015;W;-;RC;WL_77_07;0;;PHOSPHATE;N;13;26
2015;W;-;RC;WL_77_07;0;;SOWING_DATE;24/10/2014;13;26
2015;W;-;RC;WL_78_07;0;;FHB_INO;NO;13;26
2015;W;-;RC;WL_78_07;0;;FGD;Y;13;26
2015;W;-;RC;WL_78_07;0;;HARVEST_DATE;23/07/2015;13;26
2015;W;-;RC;WL_78_07;0;;SPRAY;N;13;26
2015;W;-;RC;WL_78_07;0;;PHOSPHATE;N;13;26
2015;W;-;RC;WL_78_07;0;;SOWING_DATE;24/10/2014;13;26
2015;W;-;RC;WL_84_07;0;;FHB_INO;NO;13;26
2015;W;-;RC;WL_84_07;0;;FGD;Y;13;26
2015;W;-;RC;WL_84_07;0;;HARVEST_DATE;23/07/2015;13;26
2015;W;-;RC;WL_84_07;0;;SPRAY;N;13;26
2015;W;-;RC;WL_84_07;0;;PHOSPHATE;N;13;26
2015;W;-;RC;WL_84_07;0;;SOWING_DATE;24/10/2014;13;26
2015;W;-;RC;WL_01_50;1;;HARVEST_DATE;11/07/2015;13;26
2015;W;-;RC;WL_01_50;1;;SOWING_DATE;24/10/2014;13;26
2015;S;-;RC;SG_DA_02;0;;HARVEST_DATE;30/09/2015;11;24
2015;S;-;RC;SG_DA_02;0;;SOWING_DATE;11/05/2015;11;24
2015;S;-;RC;SG_DH_02;1;;HARVEST_DATE;30/09/2015;11;24
2015;S;-;RC;SG_DH_02;1;;SOWING_DATE;11/05/2015;11;24
2015;S;-;RC;SG_DM_02;1;;HARVEST_DATE;30/09/2015;11;24
2015;S;-;RC;SG_DM_02;1;;SOWING_DATE;11/05/2015;11;24
2015;S;-;RC;SG_BE_02;1;;HARVEST_DATE;29/09/2015;11;24
2015;S;-;RC;SG_BE_02;1;;SOWING_DATE;12/05/2015;11;24
2015;O;P;RC;OR_QJ_04;1;;FHB_INO;NO;8;78
2015;O;P;RC;OR_QJ_04;1;;FGD;Y;8;78
2015;O;P;RC;OR_QJ_04;1;;HARVEST_DATE;30/07/2015;8;78
2015;O;P;RC;OR_QJ_04;1;;SPRAY;N;8;78
2015;O;P;RC;OR_QJ_04;1;;PHOSPHATE;N;8;78
2015;O;P;RC;OR_QJ_04;1;;SOWING_DATE;09/03/2015;8;78
2015;O;P;RC;OR_QL_07;1;;FHB_INO;NO;8;78
2015;O;P;RC;OR_QL_07;1;;FGD;Y;8;78
2015;O;P;RC;OR_QL_07;1;;HARVEST_DATE;30/07/2015;8;78
2015;O;P;RC;OR_QL_07;1;;SPRAY;N;8;78
2015;O;P;RC;OR_QL_07;1;;PHOSPHATE;N;8;78
2015;O;P;RC;OR_QL_07;1;;SOWING_DATE;09/03/2015;8;78
2015;O;P;RC;OR_P5_15;0;;HARVEST_DATE;29/07/2015;8;78
2015;O;P;RC;OR_P5_15;0;;SOWING_DATE;12/03/2015;8;78
2015;O;P;RC;OR_P5_19;0;;HARVEST_DATE;29/07/2015;8;78
2015;O;P;RC;OR_P5_19;0;;SOWING_DATE;12/03/2015;8;78
2015;O;P;RC;OR_P5_13;0;;HARVEST_DATE;29/07/2015;8;78
2015;O;P;RC;OR_P5_13;0;;SOWING_DATE;12/03/2015;8;78
2015;O;P;RC;OR_P5_75;0;;HARVEST_DATE;29/07/2015;8;78
2015;O;P;RC;OR_P5_75;0;;SOWING_DATE;12/03/2015;8;78
2015;O;P;RC;OR_P5_64;0;;HARVEST_DATE;29/07/2015;8;78
2015;O;P;RC;OR_P5_64;0;;SOWING_DATE;12/03/2015;8;78
2015;O;P;RC;OR_PQ_05;1;;HARVEST_DATE;29/07/2015;8;78
2015;O;P;RC;OR_PQ_05;1;;SOWING_DATE;16/03/2015;8;78
2015;O;P;RC;OR_PR_05;1;;HARVEST_DATE;29/07/2015;8;78
2015;O;P;RC;OR_PR_05;1;;SOWING_DATE;16/03/2015;8;78
2015;O;P;RC;OR_PT_05;1;;HARVEST_DATE;29/07/2015;8;78
2015;O;P;RC;OR_PT_05;1;;SOWING_DATE;16/03/2015;8;78
2015;O;P;RC;OR_PY_05;1;;HARVEST_DATE;29/07/2015;8;78
2015;O;P;RC;OR_PY_05;1;;SOWING_DATE;16/03/2015;8;78
2015;O;P;RC;OR_QJ_05;1;;HARVEST_DATE;29/07/2015;8;78
2015;O;P;RC;OR_QJ_05;1;;SOWING_DATE;16/03/2015;8;78
2015;O;P;RC;OR_PA_01;1;;HARVEST_DATE;29/07/2015;8;78
2015;O;P;RC;OR_PA_01;1;;SOWING_DATE;12/03/2015;8;78
2015;O;P;RC;OR_P5_03;0;;SPRAY;N;8;78
2015;O;P;RC;OR_P5_03;0;;SOWING_DATE;16/03/2015;8;78
2015;O;P;RC;OR_P5_52;0;;SPRAY;N;8;78
2015;O;P;RC;OR_P5_52;0;;SOWING_DATE;16/03/2015;8;78
2015;O;P;RC;OR_P5_58;0;;SPRAY;N;8;78
2015;O;P;RC;OR_P5_58;0;;SOWING_DATE;16/03/2015;8;78
2015;O;P;RC;OR_P5_40;0;;SPRAY;N;8;78
2015;O;P;RC;OR_P5_40;0;;SOWING_DATE;16/03/2015;8;78
2015;A;-;RC;AR_55_05;1;;SOWING_DATE;06/10/2014;5;9
2015;A;-;RC;AR_25_05;0;;SOWING_DATE;06/10/2014;5;9
2015;O;P;RC;OR_QN_05;0;;SOWING_DATE;16/03/2015;8;78
2015;O;P;RC;OR_QO_04;0;;SOWING_DATE;16/03/2015;8;78
2015;O;P;RC;OR_ZA_04;1;;SOWING_DATE;16/03/2015;8;78
2015;W;-;RC;WL_04_58;1;;SPRAY;N;13;26
2015;W;-;RC;WL_04_58;1;;SOWING_DATE;23/10/2014;13;26
2015;W;-;RC;WL_01_54;0;;SPRAY;N;13;26
2015;W;-;RC;WL_01_54;0;;SOWING_DATE;23/10/2014;13;26
2015;W;-;RC;WL_08_03;1;;SPRAY;N;13;26
2015;W;-;RC;WL_08_03;1;;SOWING_DATE;23/10/2014;13;26
2015;W;-;RC;WL_09_03;1;;SPRAY;N;13;26
2015;W;-;RC;WL_09_03;1;;SOWING_DATE;23/10/2014;13;26
2015;W;-;RC;WL_20_06;0;;SPRAY;N;13;26
2015;W;-;RC;WL_20_06;0;;SOWING_DATE;23/10/2014;13;26
2015;W;-;RC;WL_23_04;0;;SPRAY;N;13;26
2015;W;-;RC;WL_23_04;0;;SOWING_DATE;23/10/2014;13;26
2015;W;-;RC;WL_04_59;0;;SPRAY;N;13;26
2015;W;-;RC;WL_04_59;0;;SOWING_DATE;23/10/2014;13;26
2015;W;-;RC;WR_02_02;0;;SPRAY;N;13;26
2015;W;-;RC;WR_02_02;0;;SOWING_DATE;20/10/2014;13;26
2015;W;-;RC;WR_07_04;0;;SPRAY;N;13;26
2015;W;-;RC;WR_07_04;0;;SOWING_DATE;20/10/2014;13;26
2015;W;-;RC;WR_55_04;0;;SPRAY;N;13;26
2015;W;-;RC;WR_55_04;0;;SOWING_DATE;20/10/2014;13;26
2015;W;-;RC;WR_59_04;0;;SPRAY;N;13;26
2015;W;-;RC;WR_59_04;0;;SOWING_DATE;20/10/2014;13;26
2015;W;-;RC;WR_45_04;0;;SPRAY;N;13;26
2015;W;-;RC;WR_45_04;0;;SOWING_DATE;20/10/2014;13;26
2015;W;-;RC;WR_26_04;0;;SPRAY;N;13;26
2015;W;-;RC;WR_26_04;0;;SOWING_DATE;20/10/2014;13;26
2015;W;-;RC;WR_07_05;0;;SPRAY;N;13;26
2015;W;-;RC;WR_07_05;0;;SOWING_DATE;20/10/2014;13;26
2015;W;-;RC;WR_03_05;0;;SPRAY;N;13;26
2015;W;-;RC;WR_03_05;0;;SOWING_DATE;20/10/2014;13;26
2015;W;-;RC;WR_57_05;0;;SPRAY;N;13;26
2015;W;-;RC;WR_57_05;0;;SOWING_DATE;20/10/2014;13;26
2015;W;-;RC;WR_53_05;0;;SPRAY;N;13;26
2015;W;-;RC;WR_53_05;0;;SOWING_DATE;20/10/2014;13;26
2015;B;-;RC;B5_48_05;0;;HARVEST_DATE;01/07/2015;6;12
2015;B;-;RC;B5_48_05;0;;SOWING_DATE;12/11/2014;6;12
2015;B;-;RC;B5_51_04;0;;HARVEST_DATE;01/07/2015;6;12
2015;B;-;RC;B5_51_04;0;;SOWING_DATE;12/11/2014;6;12
2015;B;-;RC;B2_02_05;0;;HARVEST_DATE;09/07/2015;6;12
2015;B;-;RC;B2_02_05;0;;SOWING_DATE;15/10/2014;6;12
2015;B;-;RC;B5_01_05;1;;HARVEST_DATE;29/06/2015;6;12
2015;B;-;RC;B5_01_05;1;;SOWING_DATE;07/12/2014;6;12
2015;S;-;RC;SG_SH_04;0;;SOWING_DATE;21/05/2015;11;24
2015;A;-;RC;AR_69_05;0;;SPRAY;N;5;9
2015;A;-;RC;AR_69_05;0;;SOWING_DATE;18/03/2015;5;9
2015;A;-;RC;AR_90_05;0;;SPRAY;N;5;9
2015;A;-;RC;AR_90_05;0;;SOWING_DATE;18/03/2015;5;9
2015;O;P;RC;OR_PH_02;1;;SOWING_DATE;16/03/2015;8;78
2015;O;P;RC;OR_PI_02;1;;SOWING_DATE;16/03/2015;8;78
2015;O;P;RC;OR_PK_02;1;;SOWING_DATE;16/03/2015;8;78
2015;O;P;RC;OR_PM_02;1;;SOWING_DATE;16/03/2015;8;78
2015;O;P;RC;OR_PN_02;1;;SOWING_DATE;16/03/2015;8;78
2015;O;P;RC;OR_PA_56;1;;SOWING_DATE;16/03/2015;8;78
2015;B;-;RC;B4_54_02;1;;HARVEST_DATE;14/07/2015;6;12
2015;B;-;RC;B4_54_02;1;;SOWING_DATE;11/03/2015;6;12
2015;B;-;RC;B4_51_02;1;;HARVEST_DATE;14/07/2015;6;12
2015;B;-;RC;B4_51_02;1;;SOWING_DATE;11/03/2015;6;12
2015;B;-;RC;B4_03_05;0;;HARVEST_DATE;14/07/2015;6;12
2015;B;-;RC;B4_03_05;0;;SOWING_DATE;11/03/2015;6;12
2015;B;-;RC;B4_42_04;0;;HARVEST_DATE;14/07/2015;6;12
2015;B;-;RC;B4_42_04;0;;SOWING_DATE;11/03/2015;6;12
2015;B;-;RC;B4_47_04;0;;HARVEST_DATE;14/07/2015;6;12
2015;B;-;RC;B4_47_04;0;;SOWING_DATE;11/03/2015;6;12
2015;O;P;RC;OR_PO_01;1;;SOWING_DATE;16/03/2015;8;78
2015;O;P;RC;OR_PR_02;1;;SOWING_DATE;16/03/2015;8;78
2015;O;P;RC;OR_PT_02;1;;SOWING_DATE;16/03/2015;8;78
2015;O;P;RC;OR_PA_03;0;;SOWING_DATE;16/03/2015;8;78
2015;B;-;RC;B4_04_02;1;;HARVEST_DATE;07/07/2015;6;12
2015;B;-;RC;B4_02_02;1;;HARVEST_DATE;07/07/2015;6;12
2015;B;-;RC;B4_56_02;1;;HARVEST_DATE;07/07/2015;6;12
2015;B;-;RC;B4_05_02;1;;HARVEST_DATE;22/07/2015;6;12
2015;B;-;RC;B4_05_02;1;;SOWING_DATE;16/03/2015;6;12
2015;O;P;RC;OR_PA_54;1;;SOWING_DATE;16/03/2015;8;78
2015;B;-;RC;B1_54_04;0;;HARVEST_DATE;13/07/2015;6;12
2015;B;-;RC;B1_54_04;0;;SOWING_DATE;23/03/2015;6;12
2015;B;-;RC;B1_25_04;0;;HARVEST_DATE;13/07/2015;6;12
2015;B;-;RC;B1_25_04;0;;SOWING_DATE;23/03/2015;6;12
2015;B;-;RC;B1_02_04;0;;HARVEST_DATE;13/07/2015;6;12
2015;B;-;RC;B1_02_04;0;;SOWING_DATE;23/03/2015;6;12
2015;B;-;RC;B1_03_04;0;;HARVEST_DATE;13/07/2015;6;12
2015;B;-;RC;B1_03_04;0;;SOWING_DATE;23/03/2015;6;12
2015;W;-;RC;WC_04_52;0;;SOWING_DATE;03/10/2014;13;26
2015;W;-;RC;WR_75_07;0;;SOWING_DATE;17/10/2014;13;26
2015;F;-;RC;F8_05_03;0;;HARVEST_DATE;10/09/2015;9;20
2015;F;-;RC;F8_05_03;0;;SOWING_DATE;19/03/2015;9;20
2015;F;-;RC;F8_04_03;0;;HARVEST_DATE;10/09/2015;9;20
2015;F;-;RC;F8_04_03;0;;SOWING_DATE;19/03/2015;9;20
2016;B;-;RC;B2_01_05;0;;HARVEST_DATE;10/08/2016;6;12
2016;B;-;RC;B2_01_05;0;;SOWING_DATE;14/10/2015;6;12
2016;B;-;RC;B2_57_05;0;;HARVEST_DATE;10/08/2016;6;12
2016;B;-;RC;B2_57_05;0;;SOWING_DATE;14/10/2015;6;12
2016;B;-;RC;B5_52_05;0;;HARVEST_DATE;11/07/2016;6;12
2016;B;-;RC;B5_52_05;0;;SOWING_DATE;03/11/2015;6;12
2016;B;-;RC;B5_56_04;0;;HARVEST_DATE;11/07/2016;6;12
2016;B;-;RC;B5_56_04;0;;SOWING_DATE;03/11/2015;6;12
2016;B;-;RC;B5_53_05;0;;HARVEST_DATE;10/07/2016;6;12
2016;B;-;RC;B5_53_05;0;;SOWING_DATE;16/11/2015;6;12
2016;B;-;RC;B5_04_04;1;;HARVEST_DATE;10/07/2016;6;12
2016;B;-;RC;B5_04_04;1;;SOWING_DATE;16/11/2015;6;12
2016;B;-;RC;B5_07_02;1;;HARVEST_DATE;10/07/2016;6;12
2016;B;-;RC;B5_07_02;1;;SOWING_DATE;16/11/2015;6;12
2016;B;-;RC;B5_06_02;1;;HARVEST_DATE;10/07/2016;6;12
2016;B;-;RC;B5_06_02;1;;SOWING_DATE;16/11/2015;6;12
2016;W;-;RC;WL_07_04;1;;FHB_INO;NO;13;26
2016;W;-;RC;WL_07_04;1;;FGD;Y;13;26
2016;W;-;RC;WL_07_04;1;;HARVEST_DATE;07/08/2016;13;26
2016;W;-;RC;WL_07_04;1;;SPRAY;N;13;26
2016;W;-;RC;WL_07_04;1;;PHOSPHATE;N;13;26
2016;W;-;RC;WL_07_04;1;;SOWING_DATE;19/10/2015;13;26
2016;W;-;RC;WL_20_05;0;;FHB_INO;NO;13;26
2016;W;-;RC;WL_20_05;0;;FGD;Y;13;26
2016;W;-;RC;WL_20_05;0;;HARVEST_DATE;07/08/2016;13;26
2016;W;-;RC;WL_20_05;0;;SPRAY;N;13;26
2016;W;-;RC;WL_20_05;0;;PHOSPHATE;N;13;26
2016;W;-;RC;WL_20_05;0;;SOWING_DATE;19/10/2015;13;26
2016;W;-;RC;WL_24_05;0;;FHB_INO;NO;13;26
2016;W;-;RC;WL_24_05;0;;FGD;Y;13;26
2016;W;-;RC;WL_24_05;0;;HARVEST_DATE;07/08/2016;13;26
2016;W;-;RC;WL_24_05;0;;SPRAY;N;13;26
2016;W;-;RC;WL_24_05;0;;PHOSPHATE;N;13;26
2016;W;-;RC;WL_24_05;0;;SOWING_DATE;19/10/2015;13;26
2016;W;-;RC;WL_23_02;1;;FHB_INO;NO;13;26
2016;W;-;RC;WL_23_02;1;;FGD;Y;13;26
2016;W;-;RC;WL_23_02;1;;HARVEST_DATE;07/08/2016;13;26
2016;W;-;RC;WL_23_02;1;;SPRAY;N;13;26
2016;W;-;RC;WL_23_02;1;;PHOSPHATE;N;13;26
2016;W;-;RC;WL_23_02;1;;SOWING_DATE;19/10/2015;13;26
2016;B;-;RC;B5_05_06;0;;HARVEST_DATE;07/07/2016;6;12
2016;B;-;RC;B5_05_06;0;;SOWING_DATE;02/11/2015;6;12
2016;W;-;RC;WL_05_05;1;;FHB_INO;SPRAYING;13;26
2016;W;-;RC;WL_05_05;1;;FGD;N;13;26
2016;W;-;RC;WL_05_05;1;;HARVEST_DATE;28/07/2016;13;26
2016;W;-;RC;WL_05_05;1;;SPRAY;N;13;26
2016;W;-;RC;WL_05_05;1;;PHOSPHATE;N;13;26
2016;W;-;RC;WL_05_05;1;;SOWING_DATE;15/10/2015;13;26
2016;W;-;RC;WL_02_06;1;;FHB_INO;NO;13;26
2016;W;-;RC;WL_02_06;1;;FGD;N;13;26
2016;W;-;RC;WL_02_06;1;;HARVEST_DATE;07/08/2016;13;26
2016;W;-;RC;WL_02_06;1;;SPRAY;N;13;26
2016;W;-;RC;WL_02_06;1;;PHOSPHATE;N;13;26
2016;W;-;RC;WL_02_06;1;;SOWING_DATE;01/10/2015;13;26
2016;W;-;RC;WL_02_09;1;;FHB_INO;NO;13;26
2016;W;-;RC;WL_02_09;1;;FGD;Y;13;26
2016;W;-;RC;WL_02_09;1;;HARVEST_DATE;08/08/2016;13;26
2016;W;-;RC;WL_02_09;1;;SPRAY;N;13;26
2016;W;-;RC;WL_02_09;1;;PHOSPHATE;N;13;26
2016;W;-;RC;WL_02_09;1;;SOWING_DATE;01/10/2015;13;26
2016;W;-;RC;WL_04_09;1;;FHB_INO;NO;13;26
2016;W;-;RC;WL_04_09;1;;FGD;Y;13;26
2016;W;-;RC;WL_04_09;1;;HARVEST_DATE;08/08/2016;13;26
2016;W;-;RC;WL_04_09;1;;SPRAY;N;13;26
2016;W;-;RC;WL_04_09;1;;PHOSPHATE;N;13;26
2016;W;-;RC;WL_04_09;1;;SOWING_DATE;01/10/2015;13;26
2016;W;-;RC;WL_22_02;0;;FHB_INO;NO;13;26
2016;W;-;RC;WL_22_02;0;;FGD;Y;13;26
2016;W;-;RC;WL_22_02;0;;HARVEST_DATE;08/08/2016;13;26
2016;W;-;RC;WL_22_02;0;;SPRAY;N;13;26
2016;W;-;RC;WL_22_02;0;;PHOSPHATE;N;13;26
2016;W;-;RC;WL_22_02;0;;SOWING_DATE;01/10/2015;13;26
2016;W;-;RC;WL_52_08;1;;FHB_INO;NO;13;26
2016;W;-;RC;WL_52_08;1;;FGD;Y;13;26
2016;W;-;RC;WL_52_08;1;;HARVEST_DATE;22/07/2016;13;26
2016;W;-;RC;WL_52_08;1;;SPRAY;N;13;26
2016;W;-;RC;WL_52_08;1;;PHOSPHATE;N;13;26
2016;W;-;RC;WL_52_08;1;;SOWING_DATE;21/10/2015;13;26
2016;W;-;RC;WL_56_08;1;;FHB_INO;NO;13;26
2016;W;-;RC;WL_56_08;1;;FGD;Y;13;26
2016;W;-;RC;WL_56_08;1;;HARVEST_DATE;22/07/2016;13;26
2016;W;-;RC;WL_56_08;1;;SPRAY;N;13;26
2016;W;-;RC;WL_56_08;1;;PHOSPHATE;N;13;26
2016;W;-;RC;WL_56_08;1;;SOWING_DATE;21/10/2015;13;26
2016;W;-;RC;WL_05_50;1;;FHB_INO;NO;13;26
2016;W;-;RC;WL_05_50;1;;FGD;Y;13;26
2016;W;-;RC;WL_05_50;1;;HARVEST_DATE;01/08/2016;13;26
2016;W;-;RC;WL_05_50;1;;PHOSPHATE;N;13;26
2016;W;-;RC;WL_05_08;0;;FHB_INO;NO;13;26
2016;W;-;RC;WL_05_08;0;;FGD;Y;13;26
2016;W;-;RC;WL_05_08;0;;HARVEST_DATE;16/08/2016;13;26
2016;W;-;RC;WL_05_08;0;;SPRAY;N;13;26
2016;W;-;RC;WL_05_08;0;;PHOSPHATE;N-;13;26
2016;W;-;RC;WL_05_08;0;;SOWING_DATE;13/10/2015;13;26
2016;W;-;RC;WL_02_01;1;;FHB_INO;NO;13;26
2016;W;-;RC;WL_02_01;1;;FGD;N;13;26
2016;W;-;RC;WL_02_01;1;;HARVEST_DATE;15/08/2016;13;26
2016;W;-;RC;WL_02_01;1;;SPRAY;N;13;26
2016;W;-;RC;WL_02_01;1;;PHOSPHATE;N;13;26
2016;W;-;RC;WL_02_01;1;;SOWING_DATE;13/10/2015;13;26
2016;W;-;RC;WL_59_02;1;;FHB_INO;NO;13;26
2016;W;-;RC;WL_59_02;1;;FGD;N;13;26
2016;W;-;RC;WL_59_02;1;;HARVEST_DATE;15/08/2016;13;26
2016;W;-;RC;WL_59_02;1;;SPRAY;N;13;26
2016;W;-;RC;WL_59_02;1;;PHOSPHATE;N;13;26
2016;W;-;RC;WL_59_02;1;;SOWING_DATE;13/10/2015;13;26
2016;W;-;RC;WL_58_02;1;;FHB_INO;NO;13;26
2016;W;-;RC;WL_58_02;1;;FGD;N;13;26
2016;W;-;RC;WL_58_02;1;;HARVEST_DATE;15/08/2016;13;26
2016;W;-;RC;WL_58_02;1;;SPRAY;N;13;26
2016;W;-;RC;WL_58_02;1;;PHOSPHATE;N;13;26
2016;W;-;RC;WL_58_02;1;;SOWING_DATE;13/10/2015;13;26
2016;W;-;RC;WL_58_01;1;;FHB_INO;NO;13;26
2016;W;-;RC;WL_58_01;1;;FGD;Y;13;26
2016;W;-;RC;WL_58_01;1;;HARVEST_DATE;15/08/2016;13;26
2016;W;-;RC;WL_58_01;1;;SPRAY;N;13;26
2016;W;-;RC;WL_58_01;1;;PHOSPHATE;N;13;26
2016;W;-;RC;WL_58_01;1;;SOWING_DATE;13/10/2015;13;26
2016;W;-;RC;WL_52_01;1;;FHB_INO;NO;13;26
2016;W;-;RC;WL_52_01;1;;FGD;Y;13;26
2016;W;-;RC;WL_52_01;1;;HARVEST_DATE;15/08/2016;13;26
2016;W;-;RC;WL_52_01;1;;SPRAY;N;13;26
2016;W;-;RC;WL_52_01;1;;PHOSPHATE;N;13;26
2016;W;-;RC;WL_52_01;1;;SOWING_DATE;13/10/2015;13;26
2016;W;-;RC;WL_57_01;1;;FHB_INO;NO;13;26
2016;W;-;RC;WL_57_01;1;;FGD;Y;13;26
2016;W;-;RC;WL_57_01;1;;HARVEST_DATE;15/08/2016;13;26
2016;W;-;RC;WL_57_01;1;;SPRAY;N;13;26
2016;W;-;RC;WL_57_01;1;;PHOSPHATE;N;13;26
2016;W;-;RC;WL_57_01;1;;SOWING_DATE;13/10/2015;13;26
2016;W;-;RC;WL_04_57;1;;FHB_INO;NO;13;26
2016;W;-;RC;WL_04_57;1;;FGD;Y;13;26
2016;W;-;RC;WL_04_57;1;;HARVEST_DATE;29/07/2016;13;26
2016;W;-;RC;WL_04_57;1;;PHOSPHATE;N;13;26
2016;W;-;RC;WL_01_01;1;;FHB_INO;NO;13;26
2016;W;-;RC;WL_01_01;1;;FGD;Y;13;26
2016;W;-;RC;WL_01_01;1;;HARVEST_DATE;26/07/2016;13;26
2016;W;-;RC;WL_01_01;1;;SPRAY;Y;13;26
2016;W;-;RC;WL_01_01;1;;PHOSPHATE;N;13;26
2016;W;-;RC;WL_01_01;1;;SOWING_DATE;20/10/2015;13;26
2016;W;-;RC;WL_70_05;0;;FHB_INO;NO;13;26
2016;W;-;RC;WL_70_05;0;;FGD;Y;13;26
2016;W;-;RC;WL_70_05;0;;HARVEST_DATE;26/07/2016;13;26
2016;W;-;RC;WL_70_05;0;;SPRAY;Y;13;26
2016;W;-;RC;WL_70_05;0;;PHOSPHATE;N;13;26
2016;W;-;RC;WL_70_05;0;;SOWING_DATE;20/10/2015;13;26
2016;W;-;RC;WL_18_02;0;;FHB_INO;NO;13;26
2016;W;-;RC;WL_18_02;0;;FGD;Y;13;26
2016;W;-;RC;WL_18_02;0;;HARVEST_DATE;07/08/2016;13;26
2016;W;-;RC;WL_18_02;0;;SPRAY;N;13;26
2016;W;-;RC;WL_18_02;0;;PHOSPHATE;N+;13;26
2016;W;-;RC;WL_18_02;0;;SOWING_DATE;19/10/2015;13;26
2016;W;-;RC;WO_29_05;0;;FHB_INO;SPRAYING;13;26
2016;W;-;RC;WO_29_05;0;;FGD;N;13;26
2016;W;-;RC;WO_29_05;0;;HARVEST_DATE;01/08/2016;13;26
2016;W;-;RC;WO_29_05;0;;SPRAY;N;13;26
2016;W;-;RC;WO_29_05;0;;PHOSPHATE;N;13;26
2016;W;-;RC;WO_29_05;0;;SOWING_DATE;15/10/2015;13;26
2016;W;-;RC;WO_58_05;0;;FHB_INO;SPRAYING;13;26
2016;W;-;RC;WO_58_05;0;;FGD;N;13;26
2016;W;-;RC;WO_58_05;0;;HARVEST_DATE;01/08/2016;13;26
2016;W;-;RC;WO_58_05;0;;SPRAY;N;13;26
2016;W;-;RC;WO_58_05;0;;PHOSPHATE;N;13;26
2016;W;-;RC;WO_58_05;0;;SOWING_DATE;15/10/2015;13;26
2016;W;-;RC;WO_43_05;0;;FHB_INO;SPRAYING;13;26
2016;W;-;RC;WO_43_05;0;;FGD;N;13;26
2016;W;-;RC;WO_43_05;0;;HARVEST_DATE;01/08/2016;13;26
2016;W;-;RC;WO_43_05;0;;SPRAY;N;13;26
2016;W;-;RC;WO_43_05;0;;PHOSPHATE;N;13;26
2016;W;-;RC;WO_43_05;0;;SOWING_DATE;15/10/2015;13;26
2016;W;-;RC;WO_25_05;0;;FHB_INO;SPRAYING;13;26
2016;W;-;RC;WO_25_05;0;;FGD;N;13;26
2016;W;-;RC;WO_25_05;0;;HARVEST_DATE;01/08/2016;13;26
2016;W;-;RC;WO_25_05;0;;SPRAY;N;13;26
2016;W;-;RC;WO_25_05;0;;PHOSPHATE;N;13;26
2016;W;-;RC;WO_25_05;0;;SOWING_DATE;15/10/2015;13;26
2016;W;-;RC;WO_79_05;0;;FHB_INO;SPRAYING;13;26
2016;W;-;RC;WO_79_05;0;;FGD;N;13;26
2016;W;-;RC;WO_79_05;0;;HARVEST_DATE;06/08/2016;13;26
2016;W;-;RC;WO_79_05;0;;SPRAY;N;13;26
2016;W;-;RC;WO_79_05;0;;PHOSPHATE;N;13;26
2016;W;-;RC;WO_79_05;0;;SOWING_DATE;15/10/2015;13;26
2016;W;-;RC;WO_88_05;0;;FHB_INO;SPRAYING;13;26
2016;W;-;RC;WO_88_05;0;;FGD;N;13;26
2016;W;-;RC;WO_88_05;0;;HARVEST_DATE;06/08/2016;13;26
2016;W;-;RC;WO_88_05;0;;SPRAY;N;13;26
2016;W;-;RC;WO_88_05;0;;PHOSPHATE;N;13;26
2016;W;-;RC;WO_88_05;0;;SOWING_DATE;15/10/2015;13;26
2016;W;-;RC;WO_65_05;0;;FHB_INO;SPRAYING;13;26
2016;W;-;RC;WO_65_05;0;;FGD;N;13;26
2016;W;-;RC;WO_65_05;0;;HARVEST_DATE;06/08/2016;13;26
2016;W;-;RC;WO_65_05;0;;SPRAY;N;13;26
2016;W;-;RC;WO_65_05;0;;PHOSPHATE;N;13;26
2016;W;-;RC;WO_65_05;0;;SOWING_DATE;15/10/2015;13;26
2016;W;-;RC;WO_91_05;0;;FHB_INO;SPRAYING;13;26
2016;W;-;RC;WO_91_05;0;;FGD;N;13;26
2016;W;-;RC;WO_91_05;0;;HARVEST_DATE;06/08/2016;13;26
2016;W;-;RC;WO_91_05;0;;SPRAY;N;13;26
2016;W;-;RC;WO_91_05;0;;PHOSPHATE;N;13;26
2016;W;-;RC;WO_91_05;0;;SOWING_DATE;15/10/2015;13;26
2016;W;-;RC;WO_13_05;0;;FHB_INO;SPRAYING;13;26
2016;W;-;RC;WO_13_05;0;;FGD;N;13;26
2016;W;-;RC;WO_13_05;0;;HARVEST_DATE;06/08/2016;13;26
2016;W;-;RC;WO_13_05;0;;SPRAY;N;13;26
2016;W;-;RC;WO_13_05;0;;PHOSPHATE;N;13;26
2016;W;-;RC;WO_13_05;0;;SOWING_DATE;15/10/2015;13;26
2016;W;-;RC;WO_28_04;0;;FHB_INO;SPRAYING;13;26
2016;W;-;RC;WO_28_04;0;;FGD;Y;13;26
2016;W;-;RC;WO_28_04;0;;HARVEST_DATE;01/08/2016;13;26
2016;W;-;RC;WO_28_04;0;;SPRAY;N;13;26
2016;W;-;RC;WO_28_04;0;;PHOSPHATE;N;13;26
2016;W;-;RC;WO_28_04;0;;SOWING_DATE;15/10/2015;13;26
2016;W;-;RC;WO_58_04;0;;FHB_INO;SPRAYING;13;26
2016;W;-;RC;WO_58_04;0;;FGD;Y;13;26
2016;W;-;RC;WO_58_04;0;;HARVEST_DATE;01/08/2016;13;26
2016;W;-;RC;WO_58_04;0;;SPRAY;N;13;26
2016;W;-;RC;WO_58_04;0;;PHOSPHATE;N;13;26
2016;W;-;RC;WO_58_04;0;;SOWING_DATE;15/10/2015;13;26
2016;W;-;RC;WO_50_04;0;;FHB_INO;SPRAYING;13;26
2016;W;-;RC;WO_50_04;0;;FGD;Y;13;26
2016;W;-;RC;WO_50_04;0;;HARVEST_DATE;01/08/2016;13;26
2016;W;-;RC;WO_50_04;0;;SPRAY;N;13;26
2016;W;-;RC;WO_50_04;0;;PHOSPHATE;N;13;26
2016;W;-;RC;WO_50_04;0;;SOWING_DATE;15/10/2015;13;26
2016;W;-;RC;WO_75_04;0;;FHB_INO;SPRAYING;13;26
2016;W;-;RC;WO_75_04;0;;FGD;Y;13;26
2016;W;-;RC;WO_75_04;0;;HARVEST_DATE;06/08/2016;13;26
2016;W;-;RC;WO_75_04;0;;SPRAY;N;13;26
2016;W;-;RC;WO_75_04;0;;PHOSPHATE;N;13;26
2016;W;-;RC;WO_75_04;0;;SOWING_DATE;15/10/2015;13;26
2016;W;-;RC;WO_19_04;0;;FHB_INO;SPRAYING;13;26
2016;W;-;RC;WO_19_04;0;;FGD;Y;13;26
2016;W;-;RC;WO_19_04;0;;HARVEST_DATE;06/08/2016;13;26
2016;W;-;RC;WO_19_04;0;;SPRAY;N;13;26
2016;W;-;RC;WO_19_04;0;;PHOSPHATE;N;13;26
2016;W;-;RC;WO_19_04;0;;SOWING_DATE;15/10/2015;13;26
2016;W;-;RC;WO_89_04;0;;FHB_INO;SPRAYING;13;26
2016;W;-;RC;WO_89_04;0;;FGD;Y;13;26
2016;W;-;RC;WO_89_04;0;;HARVEST_DATE;06/08/2016;13;26
2016;W;-;RC;WO_89_04;0;;SPRAY;N;13;26
2016;W;-;RC;WO_89_04;0;;PHOSPHATE;N;13;26
2016;W;-;RC;WO_89_04;0;;SOWING_DATE;15/10/2015;13;26
2016;W;-;RC;WO_30_04;0;;FHB_INO;SPRAYING;13;26
2016;W;-;RC;WO_30_04;0;;FGD;Y;13;26
2016;W;-;RC;WO_30_04;0;;HARVEST_DATE;06/08/2016;13;26
2016;W;-;RC;WO_30_04;0;;SPRAY;N;13;26
2016;W;-;RC;WO_30_04;0;;PHOSPHATE;N;13;26
2016;W;-;RC;WO_30_04;0;;SOWING_DATE;15/10/2015;13;26
2016;W;-;RC;WL_29_05;1;;FHB_INO;SPRAYING;13;26
2016;W;-;RC;WL_29_05;1;;FGD;N;13;26
2016;W;-;RC;WL_29_05;1;;HARVEST_DATE;28/07/2016;13;26
2016;W;-;RC;WL_29_05;1;;SPRAY;N;13;26
2016;W;-;RC;WL_29_05;1;;PHOSPHATE;N;13;26
2016;W;-;RC;WL_29_05;1;;SOWING_DATE;15/10/2015;13;26
2016;W;-;RC;WL_57_05;1;;FHB_INO;SPRAYING;13;26
2016;W;-;RC;WL_57_05;1;;FGD;N;13;26
2016;W;-;RC;WL_57_05;1;;HARVEST_DATE;28/07/2016;13;26
2016;W;-;RC;WL_57_05;1;;SPRAY;N;13;26
2016;W;-;RC;WL_57_05;1;;PHOSPHATE;N;13;26
2016;W;-;RC;WL_57_05;1;;SOWING_DATE;15/10/2015;13;26
2016;W;-;RC;WL_52_05;1;;FHB_INO;SPRAYING;13;26
2016;W;-;RC;WL_52_05;1;;FGD;N;13;26
2016;W;-;RC;WL_52_05;1;;HARVEST_DATE;28/07/2016;13;26
2016;W;-;RC;WL_52_05;1;;SPRAY;N;13;26
2016;W;-;RC;WL_52_05;1;;PHOSPHATE;N;13;26
2016;W;-;RC;WL_52_05;1;;SOWING_DATE;15/10/2015;13;26
2016;O;H;RC;OR_AK_04;1;;FHB_INO;NO;8;80
2016;O;H;RC;OR_AK_04;1;;FGD;Y;8;80
2016;O;H;RC;OR_AK_04;1;;HARVEST_DATE;18/07/2016;8;80
2016;O;H;RC;OR_AK_04;1;;SPRAY;N;8;80
2016;O;H;RC;OR_AK_04;1;;PHOSPHATE;N;8;80
2016;O;H;RC;OR_AK_04;1;;SOWING_DATE;01/10/2015;8;80
2016;O;H;RC;OR_HD_05;0;;FHB_INO;NO;8;80
2016;O;H;RC;OR_HD_05;0;;FGD;N;8;80
2016;O;H;RC;OR_HD_05;0;;HARVEST_DATE;16/07/2016;8;80
2016;O;H;RC;OR_HD_05;0;;SPRAY;N;8;80
2016;O;H;RC;OR_HD_05;0;;PHOSPHATE;N;8;80
2016;O;H;RC;OR_HD_05;0;;SOWING_DATE;01/10/2015;8;80
2016;O;H;RC;OR_HC_05;0;;FHB_INO;NO;8;80
2016;O;H;RC;OR_HC_05;0;;FGD;N;8;80
2016;O;H;RC;OR_HC_05;0;;HARVEST_DATE;16/07/2016;8;80
2016;O;H;RC;OR_HC_05;0;;SPRAY;N;8;80
2016;O;H;RC;OR_HC_05;0;;PHOSPHATE;N;8;80
2016;O;H;RC;OR_HC_05;0;;SOWING_DATE;09/10/2015;8;80
2016;O;H;RC;OR_HB_02;1;;FHB_INO;NO;8;80
2016;O;H;RC;OR_HB_02;1;;FGD;N;8;80
2016;O;H;RC;OR_HB_02;1;;HARVEST_DATE;08/07/2016;8;80
2016;O;H;RC;OR_HB_02;1;;SPRAY;N;8;80
2016;O;H;RC;OR_HB_02;1;;PHOSPHATE;N;8;80
2016;O;H;RC;OR_HB_02;1;;SOWING_DATE;01/10/2015;8;80
2016;O;H;RC;OR_HL_02;1;;FHB_INO;NO;8;80
2016;O;H;RC;OR_HL_02;1;;FGD;N;8;80
2016;O;H;RC;OR_HL_02;1;;HARVEST_DATE;08/07/2016;8;80
2016;O;H;RC;OR_HL_02;1;;SPRAY;N;8;80
2016;O;H;RC;OR_HL_02;1;;PHOSPHATE;N;8;80
2016;O;H;RC;OR_HL_02;1;;SOWING_DATE;01/10/2015;8;80
2016;O;H;RC;OR_AA_01;1;;FHB_INO;NO;8;80
2016;O;H;RC;OR_AA_01;1;;FGD;Y;8;80
2016;O;H;RC;OR_AA_01;1;;HARVEST_DATE;08/07/2016;8;80
2016;O;H;RC;OR_AA_01;1;;SPRAY;N;8;80
2016;O;H;RC;OR_AA_01;1;;PHOSPHATE;N;8;80
2016;O;H;RC;OR_AA_01;1;;SOWING_DATE;01/10/2015;8;80
2016;O;H;RC;OR_HI_01;1;;FHB_INO;NO;8;80
2016;O;H;RC;OR_HI_01;1;;FGD;Y;8;80
2016;O;H;RC;OR_HI_01;1;;HARVEST_DATE;08/07/2016;8;80
2016;O;H;RC;OR_HI_01;1;;SPRAY;N;8;80
2016;O;H;RC;OR_HI_01;1;;PHOSPHATE;N;8;80
2016;O;H;RC;OR_HI_01;1;;SOWING_DATE;01/10/2015;8;80
2016;A;-;RC;AR_04_04;1;;HARVEST_DATE;03/08/2016;5;9
2016;A;-;RC;AR_04_04;1;;SOWING_DATE;02/10/2015;5;9
2016;B;-;RC;B5_24_05;0;;HARVEST_DATE;16/07/2016;6;12
2016;B;-;RC;B5_24_05;0;;SOWING_DATE;09/11/2015;6;12
2016;O;H;RC;OR_I2_05;0;;SOWING_DATE;01/10/2015;8;80
2016;O;H;RC;OR_I9_05;0;;SOWING_DATE;01/10/2015;8;80
2016;O;H;RC;OR_J2_05;0;;SOWING_DATE;01/10/2015;8;80
2016;O;H;RC;OR_J6_05;0;;SOWING_DATE;01/10/2015;8;80
2016;O;H;RC;OR_K9_05;0;;SOWING_DATE;01/10/2015;8;80
2016;O;H;RC;OR_K6_05;0;;SOWING_DATE;01/10/2015;8;80
2016;O;H;RC;OR_G7_05;0;;SOWING_DATE;01/10/2015;8;80
2016;D;-;RC;DM_BB_01;1;;FHB_INO;NO;7;15
2016;D;-;RC;DM_BB_01;1;;FGD;Y;7;15
2016;D;-;RC;DM_BB_01;1;;HARVEST_DATE;26/07/2016;7;15
2016;D;-;RC;DM_BB_01;1;;SPRAY;Y;7;15
2016;D;-;RC;DM_BB_01;1;;PHOSPHATE;N;7;15
2016;D;-;RC;DM_BB_01;1;;SOWING_DATE;20/10/2015;7;15
2016;D;-;RC;DM_CG_04;0;;FHB_INO;NO;7;15
2016;D;-;RC;DM_CG_04;0;;FGD;Y;7;15
2016;D;-;RC;DM_CG_04;0;;HARVEST_DATE;26/07/2016;7;15
2016;D;-;RC;DM_CG_04;0;;SPRAY;Y;7;15
2016;D;-;RC;DM_CG_04;0;;PHOSPHATE;N;7;15
2016;D;-;RC;DM_CG_04;0;;SOWING_DATE;20/10/2015;7;15
2016;O;H;RC;OR_AA_07;1;;FGD;N;8;80
2016;O;H;RC;OR_AA_07;1;;HARVEST_DATE;06/07/2016;8;80
2016;O;H;RC;OR_AA_07;1;;SOWING_DATE;29/09/2015;8;80
2016;O;H;RC;OR_AF_02;1;;FGD;N;8;80
2016;O;H;RC;OR_AF_02;1;;HARVEST_DATE;06/07/2016;8;80
2016;O;H;RC;OR_AF_02;1;;SOWING_DATE;29/09/2015;8;80
2016;O;H;RC;OR_HU_05;0;;SOWING_DATE;29/09/2015;8;80
2016;O;H;RC;OR_AD_01;0;;HARVEST_DATE;16/07/2016;8;80
2016;O;H;RC;OR_AD_01;0;;SOWING_DATE;29/09/2015;8;80
2016;O;H;RC;OR_HA_07;1;;HARVEST_DATE;06/07/2016;8;80
2016;O;H;RC;OR_HA_07;1;;SOWING_DATE;29/09/2015;8;80
2016;O;H;RC;OR_HL_07;1;;HARVEST_DATE;06/07/2016;8;80
2016;O;H;RC;OR_HL_07;1;;SOWING_DATE;29/09/2015;8;80
2016;D;-;RC;DM_AA_05;1;;SOWING_DATE;29/10/2015;7;15
2016;W;-;RC;WL_44_07;1;;SOWING_DATE;28/10/2015;13;26
2016;W;-;RC;WL_49_05;1;;SOWING_DATE;28/10/2015;13;26
2016;W;-;RC;WL_11_04;0;;SOWING_DATE;28/10/2015;13;26
2016;W;-;RC;WL_28_05;0;;SOWING_DATE;28/10/2015;13;26
2016;W;-;RC;WL_44_01;1;;SOWING_DATE;04/11/2015;13;26
2016;D;-;RC;DM_IC_04;1;;SOWING_DATE;04/11/2015;7;15
2016;D;-;RC;DM_II_04;1;;SOWING_DATE;04/11/2015;7;15
2016;D;-;RC;DM_FE_04;1;;SOWING_DATE;04/11/2015;7;15
2016;D;-;RC;DM_GE_04;0;;SOWING_DATE;04/11/2015;7;15
2016;D;-;RC;DM_VC_05;0;;SOWING_DATE;31/10/2015;7;15
2016;D;-;RC;DM_IK_05;1;;SOWING_DATE;31/10/2015;7;15
2016;D;-;RC;DM-DC_05;1;;SOWING_DATE;31/10/2015;7;15
2016;D;-;RC;DM_DF_05;1;;SOWING_DATE;31/10/2015;7;15
2016;D;-;RC;DM_DM_05;1;;SOWING_DATE;31/10/2015;7;15
2016;D;-;RC;DM_DY_05;1;;SOWING_DATE;31/10/2015;7;15
2016;D;-;RC;DM_KD_05;0;;SOWING_DATE;31/10/2015;7;15
2016;D;-;RC;DM_TG_05;0;;SOWING_DATE;31/10/2015;7;15
2016;W;-;RC;WT_04_05;0;;SOWING_DATE;31/10/2015;13;26
2016;W;-;RC;WT_04_04;0;;SOWING_DATE;31/10/2015;13;26
2016;W;-;RC;WT_54_04;0;;SOWING_DATE;31/10/2015;13;26
2016;D;-;RC;DM_TI_05;0;;SOWING_DATE;31/10/2015;7;15
2016;D;-;RC;DM_TK_05;0;;SOWING_DATE;31/10/2015;7;15
2016;B;-;RC;B4_06_05;0;;HARVEST_DATE;01/08/2016;6;12
2016;B;-;RC;B4_06_05;0;;SOWING_DATE;15/03/2016;6;12
2016;B;-;RC;B4_07_07;0;;HARVEST_DATE;01/08/2016;6;12
2016;B;-;RC;B4_07_07;0;;SOWING_DATE;15/03/2016;6;12
2016;B;-;RC;B4_08_07;1;;HARVEST_DATE;01/08/2016;6;12
2016;B;-;RC;B4_08_07;1;;SOWING_DATE;15/03/2016;6;12
2016;B;-;RC;B4_02_05;1;;HARVEST_DATE;01/08/2016;6;12
2016;B;-;RC;B4_02_05;1;;SOWING_DATE;15/03/2016;6;12
2016;B;-;RC;B4_45_02;1;;HARVEST_DATE;01/08/2016;6;12
2016;B;-;RC;B4_45_02;1;;SOWING_DATE;15/03/2016;6;12
2016;B;-;RC;B4_04_01;1;;HARVEST_DATE;01/08/2016;6;12
2016;B;-;RC;B4_04_01;1;;SOWING_DATE;21/03/2016;6;12
2016;A;-;RC;AR_05_02;1;;SOWING_DATE;30/09/2015;5;9
2016;T;-;RC;TD_TC_01;1;;HARVEST_DATE;08/08/2016;12;25
2016;T;-;RC;TD_TC_01;1;;SOWING_DATE;11/11/2015;12;25
2016;T;-;RC;TD_TH_07;1;;HARVEST_DATE;08/08/2016;12;25
2016;T;-;RC;TD_TH_07;1;;SOWING_DATE;11/11/2015;12;25
2016;T;-;RC;TD_TI_04;1;;HARVEST_DATE;08/08/2016;12;25
2016;T;-;RC;TD_TI_04;1;;SOWING_DATE;11/11/2015;12;25
2016;T;-;RC;TD_TJ_04;1;;HARVEST_DATE;08/08/2016;12;25
2016;T;-;RC;TD_TJ_04;1;;SOWING_DATE;11/11/2015;12;25
2016;T;-;RC;TD_TL_04;1;;HARVEST_DATE;08/08/2016;12;25
2016;T;-;RC;TD_TL_04;1;;SOWING_DATE;11/11/2015;12;25
2016;T;-;RC;TD_TF_07;1;;HARVEST_DATE;03/08/2016;12;25
2016;T;-;RC;TD_TF_07;1;;SOWING_DATE;26/10/2015;12;25
2016;T;-;RC;TD_TB_54;1;;HARVEST_DATE;03/08/2016;12;25
2016;T;-;RC;TD_TB_54;1;;SOWING_DATE;26/10/2015;12;25
2016;T;-;RC;TD_TF_08;0;;HARVEST_DATE;01/08/2016;12;25
2016;T;-;RC;TD_TF_08;0;;SOWING_DATE;22/10/2015;12;25
2016;T;-;RC;TD_TT_01;0;;HARVEST_DATE;01/08/2016;12;25
2016;T;-;RC;TD_TT_01;0;;SOWING_DATE;22/10/2015;12;25
2016;O;H;RC;OR_D5_05;0;;SOWING_DATE;07/10/2015;8;80
2016;O;H;RC;OR_AM_04;0;;SOWING_DATE;27/10/2015;8;80
2016;O;H;RC;OR_C1_05;0;;SOWING_DATE;27/10/2015;8;80
2016;A;-;RC;AR_04_08;1;;SOWING_DATE;17/11/2015;5;9
2016;W;-;RC;WL_07_09;1;;SOWING_DATE;20/10/2015;13;26
2016;W;-;RC;WL_10_09;1;;SOWING_DATE;20/10/2015;13;26
2016;W;-;RC;WL_04_42;0;;SOWING_DATE;20/10/2015;13;26
2016;W;-;RC;WL_02_42;1;;SOWING_DATE;20/10/2015;13;26
2016;W;-;RC;WR_78_05;0;;SPRAY;N;13;26
2016;W;-;RC;WR_78_05;0;;SOWING_DATE;04/12/2015;13;26
2016;S;-;RC;SG_DD_02;0;;HARVEST_DATE;29/09/2016;11;24
2016;S;-;RC;SG_DD_02;0;;SOWING_DATE;17/05/2016;11;24
2016;S;-;RC;SG_P5_02;0;;HARVEST_DATE;29/09/2016;11;24
2016;S;-;RC;SG_P5_02;0;;SOWING_DATE;17/05/2016;11;24
2016;S;-;RC;SG_EC_05;1;;HARVEST_DATE;10/10/2016;11;24
2016;S;-;RC;SG_EC_05;1;;SOWING_DATE;10/05/2016;11;24
2016;S;-;RC;SG_DF_05;1;;HARVEST_DATE;10/10/2016;11;24
2016;S;-;RC;SG_DF_05;1;;SOWING_DATE;10/05/2016;11;24
2016;S;-;RC;SG_DI_05;0;;HARVEST_DATE;10/10/2016;11;24
2016;S;-;RC;SG_DI_05;0;;SOWING_DATE;10/05/2016;11;24
2016;S;-;RC;SG_B5_04;0;;HARVEST_DATE;10/10/2016;11;24
2016;S;-;RC;SG_B5_04;0;;SOWING_DATE;10/05/2016;11;24
2016;S;-;RC;SG_04_05;0;;HARVEST_DATE;28/09/2016;11;24
2016;S;-;RC;SG_04_05;0;;SOWING_DATE;17/05/2016;11;24
2016;S;-;RC;SG_AC_05;1;;HARVEST_DATE;28/09/2016;11;24
2016;S;-;RC;SG_AC_05;1;;SOWING_DATE;05/05/2016;11;24
2016;S;-;RC;SG_AE_05;1;;HARVEST_DATE;28/09/2016;11;24
2016;S;-;RC;SG_AE_05;1;;SOWING_DATE;05/05/2016;11;24
2016;O;P;RC;OR_PA_01;1;;HARVEST_DATE;09/08/2016;8;78
2016;O;P;RC;OR_PA_01;1;;SOWING_DATE;14/03/2016;8;78
2016;O;P;RC;OR_PR_04;1;;HARVEST_DATE;09/08/2016;8;78
2016;O;P;RC;OR_PR_04;1;;SOWING_DATE;14/03/2016;8;78
2016;O;P;RC;OR_PY_04;1;;HARVEST_DATE;09/08/2016;8;78
2016;O;P;RC;OR_PY_04;1;;SOWING_DATE;14/03/2016;8;78
2016;O;P;RC;OR_QA_04;1;;HARVEST_DATE;09/08/2016;8;78
2016;O;P;RC;OR_QA_04;1;;SOWING_DATE;14/03/2016;8;78
2016;O;P;RC;OR_QG_05;1;;HARVEST_DATE;09/08/2016;8;78
2016;O;P;RC;OR_QG_05;1;;SOWING_DATE;22/03/2016;8;78
2016;O;P;RC;OR_P4_22;0;;HARVEST_DATE;09/08/2016;8;78
2016;O;P;RC;OR_P4_22;0;;SOWING_DATE;21/03/2016;8;78
2016;O;P;RC;OR_P4_23;0;;HARVEST_DATE;09/08/2016;8;78
2016;O;P;RC;OR_P4_23;0;;SOWING_DATE;21/03/2016;8;78
2016;O;P;RC;OR_P4_14;0;;HARVEST_DATE;09/08/2016;8;78
2016;O;P;RC;OR_P4_14;0;;SOWING_DATE;21/03/2016;8;78
2016;W;-;RC;WR_41_05;0;;SPRAY;N;13;26
2016;W;-;RC;WR_41_05;0;;SOWING_DATE;20/10/2015;13;26
2016;W;-;RC;WR_21_05;0;;SPRAY;N;13;26
2016;W;-;RC;WR_21_05;0;;SOWING_DATE;20/10/2015;13;26
2016;O;P;RC;OR_P4_04;0;;SOWING_DATE;18/03/2016;8;78
2016;O;P;RC;OR_P4_01;0;;SOWING_DATE;18/03/2016;8;78
2016;W;-;RC;WR_20_04;0;;SPRAY;N;13;26
2016;W;-;RC;WR_20_04;0;;SOWING_DATE;19/10/2015;13;26
2016;W;-;RC;WR_26_04;0;;SPRAY;N;13;26
2016;W;-;RC;WR_26_04;0;;SOWING_DATE;19/10/2015;13;26
2016;O;P;RC;OR_QF_05;0;;SPRAY;N;8;78
2016;O;P;RC;OR_QF_05;0;;SOWING_DATE;18/03/2016;8;78
2016;O;P;RC;OR_QH_04;0;;SPRAY;N;8;78
2016;O;P;RC;OR_QH_04;0;;SOWING_DATE;18/03/2016;8;78
2016;O;P;RC;OR_QK_04;1;;SPRAY;N;8;78
2016;O;P;RC;OR_QK_04;1;;SOWING_DATE;18/03/2016;8;78
2016;W;-;RC;WR_75_01;0;;SOWING_DATE;03/10/2014;13;26
2016;W;-;RC;WR_74_04;0;;SOWING_DATE;03/10/2014;13;26
2016;W;-;RC;WR_77_02;0;;SOWING_DATE;03/10/2014;13;26
2016;A;-;RC;AR_64_05;0;;SPRAY;N;5;9
2016;A;-;RC;AR_64_05;0;;SOWING_DATE;24/03/2016;5;9
2016;A;-;RC;AR_61_05;0;;SPRAY;N;5;9
2016;A;-;RC;AR_61_05;0;;SOWING_DATE;24/03/2016;5;9
2016;A;-;RC;AR_63_05;0;;SPRAY;N;5;9
2016;A;-;RC;AR_63_05;0;;SOWING_DATE;24/03/2016;5;9
2016;A;-;RC;AR_97_05;0;;SPRAY;N;5;9
2016;A;-;RC;AR_97_05;0;;SOWING_DATE;24/03/2016;5;9
2016;A;-;RC;AR_04_03;1;;HARVEST_DATE;31/07/2016;5;9
2016;A;-;RC;AR_04_03;1;;SOWING_DATE;26/10/2015;5;9
2016;B;-;RC;B1_28_04;0;;HARVEST_DATE;06/08/2016;6;12
2016;B;-;RC;B1_28_04;0;;SOWING_DATE;16/03/2016;6;12
2016;B;-;RC;B1_04_04;0;;HARVEST_DATE;06/08/2016;6;12
2016;B;-;RC;B1_04_04;0;;SOWING_DATE;16/03/2016;6;12
2016;B;-;RC;B1_01_04;0;;HARVEST_DATE;06/08/2016;6;12
2016;B;-;RC;B1_01_04;0;;SOWING_DATE;16/03/2016;6;12
2016;B;-;RC;B1_52_04;0;;HARVEST_DATE;06/08/2016;6;12
2016;B;-;RC;B1_52_04;0;;SOWING_DATE;16/03/2016;6;12
2016;B;-;RC;B1_45_04;0;;HARVEST_DATE;06/08/2016;6;12
2016;B;-;RC;B1_45_04;0;;SOWING_DATE;16/03/2016;6;12
2016;B;-;RC;B1_40_04;0;;HARVEST_DATE;06/08/2016;6;12
2016;B;-;RC;B1_40_04;0;;SOWING_DATE;16/03/2016;6;12
2016;B;-;RC;B1_68_05;0;;SOWING_DATE;18/03/2016;6;12
2016;A;-;RC;AR_85_01;0;;SOWING_DATE;18/04/2016;5;9
2016;A;-;RC;AR_68_04;0;;SOWING_DATE;18/04/2016;5;9
2016;A;-;RC;AR_97_04;0;;SOWING_DATE;18/04/2016;5;9
2016;A;-;RC;AR_30_04;0;;SOWING_DATE;18/04/2016;5;9
2016;B;-;RC;B4_48_04;0;;HARVEST_DATE;07/08/2016;6;12
2016;B;-;RC;B4_48_04;0;;SOWING_DATE;18/03/2016;6;12
2016;O;H;RC;OR_HJ_06;1;;SOWING_DATE;12/10/2015;8;80
2016;O;H;RC;OR_HM_06;1;;SOWING_DATE;12/10/2015;8;80
2016;O;H;RC;OR_HO_06;1;;SOWING_DATE;12/10/2015;8;80
2016;O;P;RC;OR_ZA_50;1;;HARVEST_DATE;07/08/2016;8;78
2016;O;P;RC;OR_ZA_50;1;;SOWING_DATE;01/03/2016;8;78
2017;W;-;RC;WL_42_08;1;;FHB_INO;NO;13;26
2017;W;-;RC;WL_42_08;1;;FGD;Y;13;26
2017;W;-;RC;WL_42_08;1;;HARVEST_DATE;14/07/2017;13;26
2017;W;-;RC;WL_42_08;1;;SPRAY;N;13;26
2017;W;-;RC;WL_42_08;1;;PHOSPHATE;N;13;26
2017;W;-;RC;WL_42_08;1;;SOWING_DATE;17/10/2016;13;26
2017;W;-;RC;WL_55_08;1;;FHB_INO;NO;13;26
2017;W;-;RC;WL_55_08;1;;FGD;Y;13;26
2017;W;-;RC;WL_55_08;1;;HARVEST_DATE;14/07/2017;13;26
2017;W;-;RC;WL_55_08;1;;SPRAY;N;13;26
2017;W;-;RC;WL_55_08;1;;PHOSPHATE;N;13;26
2017;W;-;RC;WL_55_08;1;;SOWING_DATE;17/10/2016;13;26
2017;W;-;RC;WL_45_08;1;;FHB_INO;NO;13;26
2017;W;-;RC;WL_45_08;1;;FGD;Y;13;26
2017;W;-;RC;WL_45_08;1;;HARVEST_DATE;14/07/2017;13;26
2017;W;-;RC;WL_45_08;1;;SPRAY;N;13;26
2017;W;-;RC;WL_45_08;1;;PHOSPHATE;N;13;26
2017;W;-;RC;WL_45_08;1;;SOWING_DATE;17/10/2016;13;26
2017;W;-;RC;WL_06_07;1;;FHB_INO;NO;13;26
2017;W;-;RC;WL_06_07;1;;FGD;N;13;26
2017;W;-;RC;WL_06_07;1;;HARVEST_DATE;31/07/2017;13;26
2017;W;-;RC;WL_06_07;1;;SPRAY;N;13;26
2017;W;-;RC;WL_06_07;1;;PHOSPHATE;N;13;26
2017;W;-;RC;WL_06_07;1;;SOWING_DATE;05/10/2016;13;26
2017;W;-;RC;WL_02_06;1;;FHB_INO;NO;13;26
2017;W;-;RC;WL_02_06;1;;FGD;N;13;26
2017;W;-;RC;WL_02_06;1;;HARVEST_DATE;31/07/2017;13;26
2017;W;-;RC;WL_02_06;1;;SPRAY;N;13;26
2017;W;-;RC;WL_02_06;1;;PHOSPHATE;N;13;26
2017;W;-;RC;WL_02_06;1;;SOWING_DATE;05/10/2016;13;26
2017;W;-;RC;WL_74_05;0;;FHB_INO;NO;13;26
2017;W;-;RC;WL_74_05;0;;FGD;N;13;26
2017;W;-;RC;WL_74_05;0;;HARVEST_DATE;31/07/2017;13;26
2017;W;-;RC;WL_74_05;0;;SPRAY;N;13;26
2017;W;-;RC;WL_74_05;0;;PHOSPHATE;N;13;26
2017;W;-;RC;WL_74_05;0;;SOWING_DATE;05/10/2016;13;26
2017;W;-;RC;WL_05_09;1;;FHB_INO;NO;13;26
2017;W;-;RC;WL_05_09;1;;FGD;Y;13;26
2017;W;-;RC;WL_05_09;1;;HARVEST_DATE;04/08/2017;13;26
2017;W;-;RC;WL_05_09;1;;SPRAY;N;13;26
2017;W;-;RC;WL_05_09;1;;PHOSPHATE;N;13;26
2017;W;-;RC;WL_05_09;1;;SOWING_DATE;05/10/2016;13;26
2017;W;-;RC;WL_42_07;1;;FHB_INO;NO;13;26
2017;W;-;RC;WL_42_07;1;;FGD;Y;13;26
2017;W;-;RC;WL_42_07;1;;HARVEST_DATE;31/07/2017;13;26
2017;W;-;RC;WL_42_07;1;;SPRAY;N;13;26
2017;W;-;RC;WL_42_07;1;;PHOSPHATE;N;13;26
2017;W;-;RC;WL_42_07;1;;SOWING_DATE;05/10/2016;13;26
2017;W;-;RC;WL_53_07;1;;FHB_INO;NO;13;26
2017;W;-;RC;WL_53_07;1;;FGD;Y;13;26
2017;W;-;RC;WL_53_07;1;;HARVEST_DATE;31/07/2017;13;26
2017;W;-;RC;WL_53_07;1;;SPRAY;N;13;26
2017;W;-;RC;WL_53_07;1;;PHOSPHATE;N;13;26
2017;W;-;RC;WL_53_07;1;;SOWING_DATE;05/10/2016;13;26
2017;W;-;RC;WL_29_08;1;;FHB_INO;NO;13;26
2017;W;-;RC;WL_29_08;1;;FGD;Y;13;26
2017;W;-;RC;WL_29_08;1;;HARVEST_DATE;31/07/2017;13;26
2017;W;-;RC;WL_29_08;1;;SPRAY;N;13;26
2017;W;-;RC;WL_29_08;1;;PHOSPHATE;N;13;26
2017;W;-;RC;WL_29_08;1;;SOWING_DATE;05/10/2016;13;26
2017;W;-;RC;WL_26_01;1;;FHB_INO;NO;13;26
2017;W;-;RC;WL_26_01;1;;FGD;Y;13;26
2017;W;-;RC;WL_26_01;1;;HARVEST_DATE;28/07/2017;13;26
2017;W;-;RC;WL_26_01;1;;SPRAY;N;13;26
2017;W;-;RC;WL_26_01;1;;PHOSPHATE;N;13;26
2017;W;-;RC;WL_26_01;1;;SOWING_DATE;10/10/2016;13;26
2017;W;-;RC;WL_02_07;1;;FHB_INO;NO;13;26
2017;W;-;RC;WL_02_07;1;;FGD;Y;13;26
2017;W;-;RC;WL_02_07;1;;HARVEST_DATE;28/07/2017;13;26
2017;W;-;RC;WL_02_07;1;;SPRAY;N;13;26
2017;W;-;RC;WL_02_07;1;;PHOSPHATE;N;13;26
2017;W;-;RC;WL_02_07;1;;SOWING_DATE;10/10/2016;13;26
2017;W;-;RC;WL_55_01;1;;FHB_INO;NO;13;26
2017;W;-;RC;WL_55_01;1;;FGD;Y;13;26
2017;W;-;RC;WL_55_01;1;;HARVEST_DATE;28/07/2017;13;26
2017;W;-;RC;WL_55_01;1;;SPRAY;N;13;26
2017;W;-;RC;WL_55_01;1;;PHOSPHATE;N;13;26
2017;W;-;RC;WL_55_01;1;;SOWING_DATE;10/10/2016;13;26
2017;W;-;RC;WL_02_57;1;;FHB_INO;NO;13;26
2017;W;-;RC;WL_02_57;1;;FGD;Y;13;26
2017;W;-;RC;WL_02_57;1;;PHOSPHATE;N;13;26
2017;W;-;RC;WL_04_59;1;;FHB_INO;NO;13;26
2017;W;-;RC;WL_04_59;1;;FGD;N;13;26
2017;W;-;RC;WL_04_59;1;;HARVEST_DATE;18/07/2017;13;26
2017;W;-;RC;WL_04_59;1;;PHOSPHATE;N;13;26
2017;W;-;RC;WL_04_59;1;;SOWING_DATE;29/10/2016;13;26
2017;W;-;RC;WL_02_05;1;;FHB_INO;SPRAYING;13;26
2017;W;-;RC;WL_02_05;1;;FGD;N;13;26
2017;W;-;RC;WL_02_05;1;;HARVEST_DATE;18/07/2017;13;26
2017;W;-;RC;WL_02_05;1;;SPRAY;N;13;26
2017;W;-;RC;WL_02_05;1;;PHOSPHATE;N;13;26
2017;W;-;RC;WL_02_05;1;;SOWING_DATE;18/10/2016;13;26
2017;W;-;RC;WL_01_05;1;;FHB_INO;SPRAYING;13;26
2017;W;-;RC;WL_01_05;1;;FGD;N;13;26
2017;W;-;RC;WL_01_05;1;;HARVEST_DATE;18/07/2017;13;26
2017;W;-;RC;WL_01_05;1;;SPRAY;N;13;26
2017;W;-;RC;WL_01_05;1;;PHOSPHATE;N;13;26
2017;W;-;RC;WL_01_05;1;;SOWING_DATE;18/10/2016;13;26
2017;W;-;RC;WL_75_05;0;;FHB_INO;NO;13;26
2017;W;-;RC;WL_75_05;0;;FGD;Y;13;26
2017;W;-;RC;WL_75_05;0;;HARVEST_DATE;17/07/2017;13;26
2017;W;-;RC;WL_75_05;0;;SPRAY;N;13;26
2017;W;-;RC;WL_75_05;0;;PHOSPHATE;N;13;26
2017;W;-;RC;WL_75_05;0;;SOWING_DATE;18/10/2016;13;26
2017;W;-;RC;WL_47_05;1;;FHB_INO;SPRAYING;13;26
2017;W;-;RC;WL_47_05;1;;FGD;N;13;26
2017;W;-;RC;WL_47_05;1;;HARVEST_DATE;31/07/2017;13;26
2017;W;-;RC;WL_47_05;1;;SPRAY;N;13;26
2017;W;-;RC;WL_47_05;1;;PHOSPHATE;N;13;26
2017;W;-;RC;WL_47_05;1;;SOWING_DATE;21/10/2016;13;26
2017;W;-;RC;WL_48_05;1;;FHB_INO;SPRAYING;13;26
2017;W;-;RC;WL_48_05;1;;FGD;N;13;26
2017;W;-;RC;WL_48_05;1;;HARVEST_DATE;31/07/2017;13;26
2017;W;-;RC;WL_48_05;1;;SPRAY;N;13;26
2017;W;-;RC;WL_48_05;1;;PHOSPHATE;N;13;26
2017;W;-;RC;WL_48_05;1;;SOWING_DATE;21/10/2016;13;26
2017;W;-;RC;WL_50_05;1;;FHB_INO;SPRAYING;13;26
2017;W;-;RC;WL_50_05;1;;FGD;N;13;26
2017;W;-;RC;WL_50_05;1;;HARVEST_DATE;31/07/2017;13;26
2017;W;-;RC;WL_50_05;1;;SPRAY;N;13;26
2017;W;-;RC;WL_50_05;1;;PHOSPHATE;N;13;26
2017;W;-;RC;WL_50_05;1;;SOWING_DATE;21/10/2016;13;26
2017;W;-;RC;WL_06_05;1;;FHB_INO;SPRAYING;13;26
2017;W;-;RC;WL_06_05;1;;FGD;N;13;26
2017;W;-;RC;WL_06_05;1;;HARVEST_DATE;31/07/2017;13;26
2017;W;-;RC;WL_06_05;1;;SPRAY;N;13;26
2017;W;-;RC;WL_06_05;1;;PHOSPHATE;N;13;26
2017;W;-;RC;WL_06_05;1;;SOWING_DATE;21/10/2016;13;26
2017;W;-;RC;WL_26_04;1;;FHB_INO;NO;13;26
2017;W;-;RC;WL_26_04;1;;FGD;Y;13;26
2017;W;-;RC;WL_26_04;1;;HARVEST_DATE;02/08/2017;13;26
2017;W;-;RC;WL_26_04;1;;SPRAY;N;13;26
2017;W;-;RC;WL_26_04;1;;PHOSPHATE;N;13;26
2017;W;-;RC;WL_26_04;1;;SOWING_DATE;20/10/2016;13;26
2017;W;-;RC;WL_18_04;0;;FHB_INO;NO;13;26
2017;W;-;RC;WL_18_04;0;;FGD;Y;13;26
2017;W;-;RC;WL_18_04;0;;HARVEST_DATE;03/08/2017;13;26
2017;W;-;RC;WL_18_04;0;;SPRAY;N;13;26
2017;W;-;RC;WL_18_04;0;;PHOSPHATE;N-;13;26
2017;W;-;RC;WL_18_04;0;;SOWING_DATE;18/10/2016;13;26
2017;W;-;RC;WL_02_02;0;;FHB_INO;NO;13;26
2017;W;-;RC;WL_02_02;0;;FGD;Y;13;26
2017;W;-;RC;WL_02_02;0;;HARVEST_DATE;03/08/2017;13;26
2017;W;-;RC;WL_02_02;0;;SPRAY;N;13;26
2017;W;-;RC;WL_02_02;0;;PHOSPHATE;N-;13;26
2017;W;-;RC;WL_02_02;0;;SOWING_DATE;18/10/2016;13;26
2017;W;-;RC;WL_17_02;0;;FHB_INO;NO;13;26
2017;W;-;RC;WL_17_02;0;;FGD;Y;13;26
2017;W;-;RC;WL_17_02;0;;HARVEST_DATE;03/08/2017;13;26
2017;W;-;RC;WL_17_02;0;;SPRAY;N;13;26
2017;W;-;RC;WL_17_02;0;;PHOSPHATE;N+;13;26
2017;W;-;RC;WL_17_02;0;;SOWING_DATE;18/10/2016;13;26
2017;W;-;RC;WU_05_05;0;;FHB_INO;SPRAYING;13;26
2017;W;-;RC;WU_05_05;0;;FGD;N;13;26
2017;W;-;RC;WU_05_05;0;;HARVEST_DATE;20/07/2017;13;26
2017;W;-;RC;WU_05_05;0;;SPRAY;N;13;26
2017;W;-;RC;WU_05_05;0;;PHOSPHATE;N;13;26
2017;W;-;RC;WU_05_05;0;;SOWING_DATE;19/10/2016;13;26
2017;W;-;RC;WU_07_05;0;;FHB_INO;SPRAYING;13;26
2017;W;-;RC;WU_07_05;0;;FGD;N;13;26
2017;W;-;RC;WU_07_05;0;;HARVEST_DATE;20/07/2017;13;26
2017;W;-;RC;WU_07_05;0;;SPRAY;N;13;26
2017;W;-;RC;WU_07_05;0;;PHOSPHATE;N;13;26
2017;W;-;RC;WU_07_05;0;;SOWING_DATE;19/10/2016;13;26
2017;W;-;RC;WU_52_05;0;;FHB_INO;SPRAYING;13;26
2017;W;-;RC;WU_52_05;0;;FGD;N;13;26
2017;W;-;RC;WU_52_05;0;;HARVEST_DATE;20/07/2017;13;26
2017;W;-;RC;WU_52_05;0;;SPRAY;N;13;26
2017;W;-;RC;WU_52_05;0;;PHOSPHATE;N;13;26
2017;W;-;RC;WU_52_05;0;;SOWING_DATE;19/10/2016;13;26
2017;W;-;RC;WU_08_05;0;;FHB_INO;SPRAYING;13;26
2017;W;-;RC;WU_08_05;0;;FGD;N;13;26
2017;W;-;RC;WU_08_05;0;;HARVEST_DATE;20/07/2017;13;26
2017;W;-;RC;WU_08_05;0;;SPRAY;N;13;26
2017;W;-;RC;WU_08_05;0;;PHOSPHATE;N;13;26
2017;W;-;RC;WU_08_05;0;;SOWING_DATE;19/10/2016;13;26
2017;W;-;RC;WU_25_05;0;;FHB_INO;SPRAYING;13;26
2017;W;-;RC;WU_25_05;0;;FGD;N;13;26
2017;W;-;RC;WU_25_05;0;;HARVEST_DATE;20/07/2017;13;26
2017;W;-;RC;WU_25_05;0;;SPRAY;N;13;26
2017;W;-;RC;WU_25_05;0;;PHOSPHATE;N;13;26
2017;W;-;RC;WU_25_05;0;;SOWING_DATE;19/10/2016;13;26
2017;W;-;RC;WU_27_05;0;;FHB_INO;SPRAYING;13;26
2017;W;-;RC;WU_27_05;0;;FGD;N;13;26
2017;W;-;RC;WU_27_05;0;;HARVEST_DATE;20/07/2017;13;26
2017;W;-;RC;WU_27_05;0;;SPRAY;N;13;26
2017;W;-;RC;WU_27_05;0;;PHOSPHATE;N;13;26
2017;W;-;RC;WU_27_05;0;;SOWING_DATE;19/10/2016;13;26
2017;W;-;RC;WU_23_05;0;;FHB_INO;SPRAYING;13;26
2017;W;-;RC;WU_23_05;0;;FGD;N;13;26
2017;W;-;RC;WU_23_05;0;;HARVEST_DATE;20/07/2017;13;26
2017;W;-;RC;WU_23_05;0;;SPRAY;N;13;26
2017;W;-;RC;WU_23_05;0;;PHOSPHATE;N;13;26
2017;W;-;RC;WU_23_05;0;;SOWING_DATE;19/10/2016;13;26
2017;W;-;RC;WO_01_05;0;;FHB_INO;SPRAYING;13;26
2017;W;-;RC;WO_01_05;0;;FGD;Y;13;26
2017;W;-;RC;WO_01_05;0;;HARVEST_DATE;19/07/2017;13;26
2017;W;-;RC;WO_01_05;0;;SPRAY;N;13;26
2017;W;-;RC;WO_01_05;0;;PHOSPHATE;N;13;26
2017;W;-;RC;WO_01_05;0;;SOWING_DATE;20/10/2016;13;26
2017;W;-;RC;WO_08_05;0;;FHB_INO;SPRAYING;13;26
2017;W;-;RC;WO_08_05;0;;FGD;Y;13;26
2017;W;-;RC;WO_08_05;0;;HARVEST_DATE;19/07/2017;13;26
2017;W;-;RC;WO_08_05;0;;SPRAY;N;13;26
2017;W;-;RC;WO_08_05;0;;PHOSPHATE;N;13;26
2017;W;-;RC;WO_08_05;0;;SOWING_DATE;20/10/2016;13;26
2017;W;-;RC;WO_58_05;0;;FHB_INO;SPRAYING;13;26
2017;W;-;RC;WO_58_05;0;;FGD;Y;13;26
2017;W;-;RC;WO_58_05;0;;HARVEST_DATE;19/07/2017;13;26
2017;W;-;RC;WO_58_05;0;;SPRAY;N;13;26
2017;W;-;RC;WO_58_05;0;;PHOSPHATE;N;13;26
2017;W;-;RC;WO_58_05;0;;SOWING_DATE;20/10/2016;13;26
2017;W;-;RC;WO_59_05;0;;FHB_INO;SPRAYING;13;26
2017;W;-;RC;WO_59_05;0;;FGD;Y;13;26
2017;W;-;RC;WO_59_05;0;;HARVEST_DATE;19/07/2017;13;26
2017;W;-;RC;WO_59_05;0;;SPRAY;N;13;26
2017;W;-;RC;WO_59_05;0;;PHOSPHATE;N;13;26
2017;W;-;RC;WO_59_05;0;;SOWING_DATE;20/10/2016;13;26
2017;W;-;RC;WO_54_05;0;;FHB_INO;SPRAYING;13;26
2017;W;-;RC;WO_54_05;0;;FGD;Y;13;26
2017;W;-;RC;WO_54_05;0;;HARVEST_DATE;19/07/2017;13;26
2017;W;-;RC;WO_54_05;0;;SPRAY;N;13;26
2017;W;-;RC;WO_54_05;0;;PHOSPHATE;N;13;26
2017;W;-;RC;WO_54_05;0;;SOWING_DATE;20/10/2016;13;26
2017;W;-;RC;WO_15_05;0;;FHB_INO;SPRAYING;13;26
2017;W;-;RC;WO_15_05;0;;FGD;Y;13;26
2017;W;-;RC;WO_15_05;0;;HARVEST_DATE;19/07/2017;13;26
2017;W;-;RC;WO_15_05;0;;SPRAY;N;13;26
2017;W;-;RC;WO_15_05;0;;PHOSPHATE;N;13;26
2017;W;-;RC;WO_15_05;0;;SOWING_DATE;20/10/2016;13;26
2017;W;-;RC;WO_21_05;0;;FHB_INO;SPRAYING;13;26
2017;W;-;RC;WO_21_05;0;;FGD;Y;13;26
2017;W;-;RC;WO_21_05;0;;HARVEST_DATE;19/07/2017;13;26
2017;W;-;RC;WO_21_05;0;;SPRAY;N;13;26
2017;W;-;RC;WO_21_05;0;;PHOSPHATE;N;13;26
2017;W;-;RC;WO_21_05;0;;SOWING_DATE;20/10/2016;13;26
2017;W;-;RC;WO_23_05;0;;FHB_INO;SPRAYING;13;26
2017;W;-;RC;WO_23_05;0;;FGD;Y;13;26
2017;W;-;RC;WO_23_05;0;;HARVEST_DATE;19/07/2017;13;26
2017;W;-;RC;WO_23_05;0;;SPRAY;N;13;26
2017;W;-;RC;WO_23_05;0;;PHOSPHATE;N;13;26
2017;W;-;RC;WO_23_05;0;;SOWING_DATE;20/10/2016;13;26
2017;W;-;RC;WO_76_05;0;;FHB_INO;SPRAYING;13;26
2017;W;-;RC;WO_76_05;0;;FGD;Y;13;26
2017;W;-;RC;WO_76_05;0;;HARVEST_DATE;19/07/2017;13;26
2017;W;-;RC;WO_76_05;0;;SPRAY;N;13;26
2017;W;-;RC;WO_76_05;0;;PHOSPHATE;N;13;26
2017;W;-;RC;WO_76_05;0;;SOWING_DATE;20/10/2016;13;26
2017;W;-;RC;WO_89_05;0;;FHB_INO;SPRAYING;13;26
2017;W;-;RC;WO_89_05;0;;FGD;Y;13;26
2017;W;-;RC;WO_89_05;0;;HARVEST_DATE;19/07/2017;13;26
2017;W;-;RC;WO_89_05;0;;SPRAY;N;13;26
2017;W;-;RC;WO_89_05;0;;PHOSPHATE;N;13;26
2017;W;-;RC;WO_89_05;0;;SOWING_DATE;20/10/2016;13;26
2017;W;-;RC;WL_02_50;1;;FHB_INO;NO;13;26
2017;W;-;RC;WL_02_50;1;;FGD;Y;13;26
2017;W;-;RC;WL_02_50;1;;HARVEST_DATE;16/07/2017;13;26
2017;W;-;RC;WL_02_50;1;;SPRAY;Y;13;26
2017;W;-;RC;WL_02_50;1;;PHOSPHATE;N;13;26
2017;W;-;RC;WL_02_50;1;;SOWING_DATE;14/10/2016;13;26
2017;W;-;RC;WL_51_06;1;;FHB_INO;NO;13;26
2017;W;-;RC;WL_51_06;1;;FGD;Y;13;26
2017;W;-;RC;WL_51_06;1;;HARVEST_DATE;16/07/2017;13;26
2017;W;-;RC;WL_51_06;1;;SPRAY;Y;13;26
2017;W;-;RC;WL_51_06;1;;PHOSPHATE;N;13;26
2017;W;-;RC;WL_51_06;1;;SOWING_DATE;14/10/2016;13;26
2017;W;-;RC;WL_58_06;1;;FHB_INO;NO;13;26
2017;W;-;RC;WL_58_06;1;;FGD;Y;13;26
2017;W;-;RC;WL_58_06;1;;HARVEST_DATE;16/07/2017;13;26
2017;W;-;RC;WL_58_06;1;;SPRAY;Y;13;26
2017;W;-;RC;WL_58_06;1;;PHOSPHATE;N;13;26
2017;W;-;RC;WL_58_06;1;;SOWING_DATE;14/10/2016;13;26
2017;B;-;RC;B5_51_02;0;;HARVEST_DATE;06/07/2017;6;12
2017;B;-;RC;B5_51_02;0;;SOWING_DATE;02/11/2016;6;12
2017;B;-;RC;B5_21_05;0;;HARVEST_DATE;06/07/2017;6;12
2017;B;-;RC;B5_21_05;0;;SOWING_DATE;02/11/2016;6;12
2017;B;-;RC;B5_29_05;0;;HARVEST_DATE;06/07/2017;6;12
2017;B;-;RC;B5_29_05;0;;SOWING_DATE;02/11/2016;6;12
2017;B;-;RC;B5_41_05;0;;HARVEST_DATE;06/07/2017;6;12
2017;B;-;RC;B5_41_05;0;;SOWING_DATE;02/11/2016;6;12
2017;B;-;RC;B2_54_05;1;;HARVEST_DATE;17/07/2017;6;12
2017;B;-;RC;B2_54_05;1;;SOWING_DATE;10/10/2016;6;12
2017;B;-;RC;B2_55_05;0;;HARVEST_DATE;17/07/2017;6;12
2017;B;-;RC;B2_55_05;0;;SOWING_DATE;10/10/2016;6;12
2017;B;-;RC;B2_05_01;1;;HARVEST_DATE;17/07/2017;6;12
2017;B;-;RC;B2_05_01;1;;SOWING_DATE;12/10/2016;6;12
2017;B;-;RC;B2_05_05;1;;HARVEST_DATE;05/07/2017;6;12
2017;B;-;RC;B2_05_05;1;;SOWING_DATE;12/10/2016;6;12
2017;B;-;RC;B5_03_04;0;;HARVEST_DATE;06/07/2017;6;12
2017;B;-;RC;B5_03_04;0;;SOWING_DATE;05/12/2016;6;12
2017;B;-;RC;B5_50_04;0;;HARVEST_DATE;06/07/2017;6;12
2017;B;-;RC;B5_50_04;0;;SOWING_DATE;05/12/2016;6;12
2017;B;-;RC;B5_55_04;0;;HARVEST_DATE;06/07/2017;6;12
2017;B;-;RC;B5_55_04;0;;SOWING_DATE;05/12/2016;6;12
2017;B;-;RC;B5_54_04;0;;HARVEST_DATE;06/07/2017;6;12
2017;B;-;RC;B5_54_04;0;;SOWING_DATE;05/12/2016;6;12
2017;B;-;RC;B5_01_04;1;;HARVEST_DATE;06/07/2017;6;12
2017;B;-;RC;B5_01_04;1;;SOWING_DATE;05/12/2016;6;12
2017;B;-;RC;B5_02_07;1;;HARVEST_DATE;07/07/2017;6;12
2017;B;-;RC;B5_02_07;1;;SOWING_DATE;15/10/2016;6;12
2017;W;-;RC;WL_02_40;1;;HARVEST_DATE;01/08/2017;13;26
2017;W;-;RC;WL_02_40;1;;SOWING_DATE;31/10/2016;13;26
2017;O;H;RC;OR_AA_06;1;;FHB_INO;NO;8;80
2017;O;H;RC;OR_AA_06;1;;FGD;N;8;80
2017;O;H;RC;OR_AA_06;1;;HARVEST_DATE;05/07/2017;8;80
2017;O;H;RC;OR_AA_06;1;;SPRAY;N;8;80
2017;O;H;RC;OR_AA_06;1;;PHOSPHATE;N;8;80
2017;O;H;RC;OR_AA_06;1;;SOWING_DATE;04/10/2016;8;80
2017;O;H;RC;OR_K7_57;1;;FHB_INO;NO;8;80
2017;O;H;RC;OR_K7_57;1;;FGD;N;8;80
2017;O;H;RC;OR_K7_57;1;;HARVEST_DATE;05/07/2017;8;80
2017;O;H;RC;OR_K7_57;1;;SPRAY;N;8;80
2017;O;H;RC;OR_K7_57;1;;PHOSPHATE;N;8;80
2017;O;H;RC;OR_K7_57;1;;SOWING_DATE;04/10/2016;8;80
2017;O;H;RC;OR_K7_53;1;;FHB_INO;NO;8;80
2017;O;H;RC;OR_K7_53;1;;FGD;N;8;80
2017;O;H;RC;OR_K7_53;1;;HARVEST_DATE;05/07/2017;8;80
2017;O;H;RC;OR_K7_53;1;;SPRAY;N;8;80
2017;O;H;RC;OR_K7_53;1;;PHOSPHATE;N;8;80
2017;O;H;RC;OR_K7_53;1;;SOWING_DATE;04/10/2016;8;80
2017;B;-;RC;B5_71_05;0;;HARVEST_DATE;05/07/2017;6;12
2017;B;-;RC;B5_71_05;0;;SOWING_DATE;02/11/2016;6;12
2017;B;-;RC;B5_77_05;0;;HARVEST_DATE;05/07/2017;6;12
2017;B;-;RC;B5_77_05;0;;SOWING_DATE;02/11/2016;6;12
2017;B;-;RC;B5_78_05;0;;HARVEST_DATE;05/07/2017;6;12
2017;B;-;RC;B5_78_05;0;;SOWING_DATE;02/11/2016;6;12
2017;B;-;RC;B5_22_04;0;;HARVEST_DATE;05/07/2017;6;12
2017;B;-;RC;B5_22_04;0;;SOWING_DATE;02/11/2016;6;12
2017;O;H;RC;OR_HC_04;0;;FHB_INO;NO;8;80
2017;O;H;RC;OR_HC_04;0;;FGD;Y;8;80
2017;O;H;RC;OR_HC_04;0;;HARVEST_DATE;26/06/2017;8;80
2017;O;H;RC;OR_HC_04;0;;SPRAY;N;8;80
2017;O;H;RC;OR_HC_04;0;;PHOSPHATE;N;8;80
2017;O;H;RC;OR_HC_04;0;;SOWING_DATE;05/10/2016;8;80
2017;O;H;RC;OR_AB_05;0;;FHB_INO;NO;8;80
2017;O;H;RC;OR_AB_05;0;;FGD;N;8;80
2017;O;H;RC;OR_AB_05;0;;HARVEST_DATE;26/06/2017;8;80
2017;O;H;RC;OR_AB_05;0;;SPRAY;N;8;80
2017;O;H;RC;OR_AB_05;0;;PHOSPHATE;N;8;80
2017;O;H;RC;OR_AB_05;0;;SOWING_DATE;05/10/2016;8;80
2017;O;H;RC;OR_K4_04;0;;FHB_INO;NO;8;80
2017;O;H;RC;OR_K4_04;0;;FGD;Y;8;80
2017;O;H;RC;OR_K4_04;0;;HARVEST_DATE;04/07/2017;8;80
2017;O;H;RC;OR_K4_04;0;;SPRAY;N;8;80
2017;O;H;RC;OR_K4_04;0;;PHOSPHATE;N;8;80
2017;O;H;RC;OR_K4_04;0;;SOWING_DATE;06/10/2016;8;80
2017;O;H;RC;OR_HH_07;1;;FHB_INO;NO;8;80
2017;O;H;RC;OR_HH_07;1;;FGD;N;8;80
2017;O;H;RC;OR_HH_07;1;;HARVEST_DATE;26/06/2017;8;80
2017;O;H;RC;OR_HH_07;1;;SPRAY;N;8;80
2017;O;H;RC;OR_HH_07;1;;PHOSPHATE;N;8;80
2017;O;H;RC;OR_HH_07;1;;SOWING_DATE;06/10/2016;8;80
2017;O;H;RC;OR_HJ_07;1;;FHB_INO;NO;8;80
2017;O;H;RC;OR_HJ_07;1;;FGD;N;8;80
2017;O;H;RC;OR_HJ_07;1;;HARVEST_DATE;26/06/2017;8;80
2017;O;H;RC;OR_HJ_07;1;;SPRAY;N;8;80
2017;O;H;RC;OR_HJ_07;1;;PHOSPHATE;N;8;80
2017;O;H;RC;OR_HJ_07;1;;SOWING_DATE;06/10/2016;8;80
2017;O;H;RC;OR_HN_07;1;;FHB_INO;NO;8;80
2017;O;H;RC;OR_HN_07;1;;FGD;N;8;80
2017;O;H;RC;OR_HN_07;1;;HARVEST_DATE;26/06/2017;8;80
2017;O;H;RC;OR_HN_07;1;;SPRAY;N;8;80
2017;O;H;RC;OR_HN_07;1;;PHOSPHATE;N;8;80
2017;O;H;RC;OR_HN_07;1;;SOWING_DATE;06/10/2016;8;80
2017;D;-;RC;DM_GP_05;1;;HARVEST_DATE;08/07/2017;7;15
2017;D;-;RC;DM_GP_05;1;;SOWING_DATE;21/10/2016;7;15
2017;D;-;RC;DM_GS_05;1;;HARVEST_DATE;08/07/2017;7;15
2017;D;-;RC;DM_GS_05;1;;SOWING_DATE;21/10/2016;7;15
2017;T;-;RC;TD_TD_02;1;;HARVEST_DATE;07/08/2017;12;25
2017;T;-;RC;TD_TD_02;1;;SOWING_DATE;16/11/2016;12;25
2017;T;-;RC;TD_TD_01;1;;HARVEST_DATE;07/08/2017;12;25
2017;T;-;RC;TD_TD_01;1;;SOWING_DATE;16/11/2016;12;25
2017;T;-;RC;TD_TB_08;1;;HARVEST_DATE;07/08/2017;12;25
2017;T;-;RC;TD_TB_08;1;;SOWING_DATE;16/11/2016;12;25
2017;T;-;RC;TD_SG_05;1;;HARVEST_DATE;07/08/2017;12;25
2017;T;-;RC;TD_SG_05;1;;SOWING_DATE;16/11/2016;12;25
2017;T;-;RC;TD_TD_03;1;;HARVEST_DATE;29/07/2017;12;25
2017;T;-;RC;TD_TD_03;1;;SOWING_DATE;27/10/2016;12;25
2017;T;-;RC;TD_TG_54;1;;HARVEST_DATE;29/07/2017;12;25
2017;T;-;RC;TD_TG_54;1;;SOWING_DATE;27/10/2016;12;25
2017;T;-;RC;TD_TH_01;1;;HARVEST_DATE;29/07/2017;12;25
2017;T;-;RC;TD_TH_01;1;;SOWING_DATE;27/10/2016;12;25
2017;T;-;RC;TD_TH_07;1;;HARVEST_DATE;16/07/2017;12;25
2017;T;-;RC;TD_TH_07;1;;SOWING_DATE;19/10/2016;12;25
2017;T;-;RC;TD_TB_52;1;;HARVEST_DATE;16/07/2017;12;25
2017;T;-;RC;TD_TB_52;1;;SOWING_DATE;19/10/2016;12;25
2017;T;-;RC;TD_TD_09;1;;SOWING_DATE;20/10/2016;12;25
2017;D;-;RC;DM_TF_05;1;;HARVEST_DATE;08/07/2017;7;15
2017;D;-;RC;DM_TF_05;1;;SOWING_DATE;21/10/2016;7;15
2017;D;-;RC;DM_AA_05;1;;HARVEST_DATE;27/06/2017;7;15
2017;D;-;RC;DM_AA_05;1;;SOWING_DATE;31/10/2016;7;15
2017;D;-;RC;DM_DC_05;1;;SOWING_DATE;02/11/2016;7;15
2017;D;-;RC;DM_ID_05;1;;SOWING_DATE;31/10/2016;7;15
2017;D;-;RC;DM_IH_05;1;;SOWING_DATE;31/10/2016;7;15
2017;D;-;RC;DM_IL_05;1;;SOWING_DATE;31/10/2016;7;15
2017;D;-;RC;DM_IM_05;1;;SOWING_DATE;31/10/2016;7;15
2017;D;-;RC;DM_CF_05;1;;SOWING_DATE;31/10/2016;7;15
2017;D;-;RC;DM_EI_05;1;;SOWING_DATE;02/11/2016;7;15
2017;D;-;RC;DM_EK_05;1;;SOWING_DATE;02/11/2016;7;15
2017;D;-;RC;DM_VA_04;1;;SOWING_DATE;31/10/2016;7;15
2017;W;-;RC;WT_02_05;0;;SOWING_DATE;02/11/2016;13;26
2017;D;-;RC;DM_GA_04;1;;SOWING_DATE;03/11/2016;7;15
2017;D;-;RC;DM_GB_04;1;;SOWING_DATE;03/11/2016;7;15
2017;W;-;RC;WL_41_08;1;;SOWING_DATE;03/11/2016;13;26
2017;W;-;RC;WL_28_07;1;;SOWING_DATE;03/11/2016;13;26
2017;W;-;RC;WL_48_07;1;;SOWING_DATE;03/11/2016;13;26
2017;D;-;RC;DM_MA_05;0;;SOWING_DATE;06/12/2016;7;15
2017;D;-;RC;DM_MB_05;0;;SOWING_DATE;06/12/2016;7;15
2017;D;-;RC;DM_TE_04;1;;SOWING_DATE;06/12/2016;7;15
2017;D;-;RC;DM_AA_08;1;;SOWING_DATE;06/12/2016;7;15
2017;B;-;RC;B4_05_55;1;;HARVEST_DATE;18/07/2017;6;12
2017;B;-;RC;B4_05_55;1;;SOWING_DATE;16/03/2017;6;12
2017;B;-;RC;B4_46_05;0;;HARVEST_DATE;18/07/2017;6;12
2017;B;-;RC;B4_46_05;0;;SOWING_DATE;16/03/2017;6;12
2017;B;-;RC;B4_09_02;1;;HARVEST_DATE;08/07/2017;6;12
2017;B;-;RC;B4_09_02;1;;SOWING_DATE;16/03/2017;6;12
2017;B;-;RC;B4_55_02;1;;HARVEST_DATE;08/07/2017;6;12
2017;B;-;RC;B4_55_02;1;;SOWING_DATE;16/03/2017;6;12
2017;B;-;RC;B4_58_05;1;;HARVEST_DATE;15/08/2016;6;12
2017;O;H;RC;OR_AF_04;0;;SOWING_DATE;20/10/2016;8;80
2017;O;H;RC;OR_K8_05;0;;SOWING_DATE;20/10/2016;8;80
2017;D;-;RC;DM_MI_04;0;;SOWING_DATE;31/10/2016;7;15
2017;O;H;RC;OR_HA_05;1;;SOWING_DATE;04/10/2016;8;80
2017;O;H;RC;OR_HI_05;1;;SOWING_DATE;04/10/2016;8;80
2017;O;H;RC;OR_HJ_05;1;;SOWING_DATE;04/10/2016;8;80
2017;O;H;RC;OR_HM_05;1;;SOWING_DATE;04/10/2016;8;80
2017;O;H;RC;OR_HP_05;1;;SOWING_DATE;04/10/2016;8;80
2017;O;H;RC;OR_HM_04;0;;SOWING_DATE;04/10/2016;8;80
2017;O;H;RC;OR_AA_01;1;;SOWING_DATE;04/10/2016;8;80
2017;A;-;RC;AR_02_02;0;;SOWING_DATE;05/10/2016;5;9
2017;A;-;RC;AR_47_05;0;;SOWING_DATE;05/10/2016;5;9
2017;A;-;RC;AR_54_05;0;;SOWING_DATE;05/10/2016;5;9
2017;A;-;RC;AR_51_04;0;;SOWING_DATE;05/10/2016;5;9
2017;A;-;RC;AR_02_01;0;;SOWING_DATE;05/10/2016;5;9
2017;W;-;RC;WL_07_03;1;;SOWING_DATE;19/10/2016;13;26
2017;W;-;RC;WL_78_04;0;;SOWING_DATE;19/10/2016;13;26
2017;W;-;RC;WR_74_05;0;;SOWING_DATE;25/10/2016;13;26
2017;W;-;RC;WR_51_05;0;;SOWING_DATE;25/10/2016;13;26
2017;W;-;RC;WR_58_05;0;;SOWING_DATE;25/10/2016;13;26
2017;W;-;RC;WR_56_05;0;;SOWING_DATE;25/10/2016;13;26
2017;W;-;RC;WR_47_05;0;;SOWING_DATE;25/10/2016;13;26
2017;W;-;RC;WR_49_05;0;;SOWING_DATE;25/10/2016;13;26
2017;W;-;RC;WR_20_05;0;;SOWING_DATE;25/10/2016;13;26
2017;W;-;RC;WR_22_04;0;;SOWING_DATE;25/10/2016;13;26
2017;W;-;RC;WR_23_05;0;;SOWING_DATE;25/10/2016;13;26
2017;W;-;RC;WR_10_05;0;;SOWING_DATE;25/10/2016;13;26
2017;W;-;RC;WR_19_05;0;;SOWING_DATE;25/10/2016;13;26
2017;W;-;RC;WR_56_04;0;;SOWING_DATE;25/10/2016;13;26
2017;W;-;RC;WR_40_04;0;;SOWING_DATE;25/10/2016;13;26
2017;W;-;RC;WR_57_04;0;;SOWING_DATE;25/10/2016;13;26
2017;W;-;RC;WR_01_04;0;;SOWING_DATE;25/10/2016;13;26
2017;W;-;RC;WR_07_04;0;;SOWING_DATE;25/10/2016;13;26
2017;W;-;RC;WR_50_04;0;;SOWING_DATE;25/10/2016;13;26
2017;O;P;RC;OR_PF_05;1;;HARVEST_DATE;04/08/2017;8;78
2017;O;P;RC;OR_PF_05;1;;SOWING_DATE;14/03/2017;8;78
2017;O;P;RC;OR_PP_05;1;;HARVEST_DATE;04/08/2017;8;78
2017;O;P;RC;OR_PP_05;1;;SOWING_DATE;14/03/2017;8;78
2017;O;P;RC;OR_PX_05;1;;HARVEST_DATE;04/08/2017;8;78
2017;O;P;RC;OR_PX_05;1;;SOWING_DATE;14/03/2017;8;78
2017;O;P;RC;OR_PY_05;1;;HARVEST_DATE;04/08/2017;8;78
2017;O;P;RC;OR_PY_05;1;;SOWING_DATE;14/03/2017;8;78
2017;O;P;RC;OR_PL_04;1;;HARVEST_DATE;30/07/2017;8;78
2017;O;P;RC;OR_PL_04;1;;SOWING_DATE;20/03/2017;8;78
2017;O;P;RC;OR_PM_04;1;;HARVEST_DATE;30/07/2017;8;78
2017;O;P;RC;OR_PM_04;1;;SOWING_DATE;20/03/2017;8;78
2017;W;-;RC;WR_75_01;0;;SOWING_DATE;28/10/2016;13;26
2017;B;-;RC;B4_24_04;0;;HARVEST_DATE;03/08/2017;6;12
2017;B;-;RC;B4_24_04;0;;SOWING_DATE;15/03/2017;6;12
2017;O;H;RC;OR_K7_29;1;;SOWING_DATE;29/09/2016;8;80
2017;O;H;RC;OR_K7_10;1;;SOWING_DATE;29/09/2016;8;80
2017;O;H;RC;OR_K7_14;1;;SOWING_DATE;29/09/2016;8;80
2017;O;H;RC;OR_K7_17;1;;SOWING_DATE;29/09/2016;8;80
2017;O;H;RC;OR_K7_16;1;;SOWING_DATE;29/09/2016;8;80
2017;O;P;RC;OR_P5_49;0;;HARVEST_DATE;30/07/2017;8;78
2017;O;P;RC;OR_P5_49;0;;SOWING_DATE;20/03/2017;8;78
2017;O;P;RC;OR_QG_01;1;;HARVEST_DATE;30/07/2017;8;78
2017;O;P;RC;OR_QG_01;1;;SOWING_DATE;20/03/2017;8;78
2017;S;-;RC;SG_EA_08;1;;HARVEST_DATE;10/10/2017;11;24
2017;S;-;RC;SG_EA_08;1;;SOWING_DATE;10/05/2017;11;24
2017;S;-;RC;SG_EB_02;1;;HARVEST_DATE;29/09/2017;11;24
2017;S;-;RC;SG_EB_02;1;;SOWING_DATE;22/05/2017;11;24
2017;S;-;RC;SG_DF_02;1;;HARVEST_DATE;29/09/2017;11;24
2017;S;-;RC;SG_DF_02;1;;SOWING_DATE;22/05/2017;11;24
2017;S;-;RC;SG_BC_05;0;;HARVEST_DATE;12/10/2017;11;24
2017;S;-;RC;SG_BC_05;0;;SOWING_DATE;17/05/2017;11;24
2017;S;-;RC;SG_BE_05;0;;HARVEST_DATE;12/10/2017;11;24
2017;S;-;RC;SG_BE_05;0;;SOWING_DATE;17/05/2017;11;24
2017;S;-;RC;SG_AB_02;0;;HARVEST_DATE;12/10/2017;11;24
2017;S;-;RC;SG_AB_02;0;;SOWING_DATE;17/05/2017;11;24
2017;S;-;RC;SG_BH_04;1;;HARVEST_DATE;25/09/2017;11;24
2017;S;-;RC;SG_BH_04;1;;SOWING_DATE;10/05/2017;11;24
2017;S;-;RC;SG_AA_05;1;;HARVEST_DATE;13/10/2017;11;24
2017;S;-;RC;SG_AA_05;1;;SOWING_DATE;10/05/2017;11;24
2017;S;-;RC;SG_O5_05;0;;HARVEST_DATE;27/09/2017;11;24
2017;S;-;RC;SG_O5_05;0;;SOWING_DATE;10/05/2017;11;24
2017;S;-;RC;SG_N5_05;0;;HARVEST_DATE;13/10/2017;11;24
2017;S;-;RC;SG_N5_05;0;;SOWING_DATE;10/05/2017;11;24
2017;O;P;RC;OR_QG_05;1;;HARVEST_DATE;04/08/2017;8;78
2017;O;P;RC;OR_QG_05;1;;SOWING_DATE;14/03/2017;8;78
2017;F;-;RC;F8_05_03;0;;HARVEST_DATE;22/08/2017;9;20
2017;F;-;RC;F8_05_03;0;;SOWING_DATE;17/03/2017;9;20
2017;F;-;RC;F8_04_07;0;;SOWING_DATE;16/03/2017;9;20
2017;O;P;RC;OR_P5_20;0;;SOWING_DATE;22/03/2017;8;78
2017;O;P;RC;OR_P5_17;0;;SOWING_DATE;22/03/2017;8;78
2017;S;-;RC;SG_M4_05;0;;SOWING_DATE;29/05/2017;11;24
2017;S;-;RC;SG_SH_05;0;;SOWING_DATE;29/05/2017;11;24
2017;O;P;RC;OR_QF_04;0;;SPRAY;N;8;78
2017;O;P;RC;OR_QF_04;0;;SOWING_DATE;28/03/2017;8;78
2017;O;H;RC;OR_HJ_06;1;;SOWING_DATE;11/10/2016;8;80
2017;A;-;RC;AR_82_05;0;;SPRAY;N;5;9
2017;A;-;RC;AR_82_05;0;;SOWING_DATE;28/03/2017;5;9
2017;A;-;RC;AR_75_05;1;;SPRAY;N;5;9
2017;A;-;RC;AR_75_05;1;;SOWING_DATE;28/03/2017;5;9
2017;O;P;RC;OR_QG_06;1;;HARVEST_DATE;26/07/2017;8;78
2017;O;P;RC;OR_QG_06;1;;SOWING_DATE;14/03/2017;8;78
2017;S;-;RC;SG_DA_05;1;;HARVEST_DATE;18/10/2017;11;24
2017;S;-;RC;SG_DA_05;1;;SOWING_DATE;17/05/2017;11;24
2017;S;-;RC;SG_DJ_05;1;;HARVEST_DATE;18/10/2017;11;24
2017;S;-;RC;SG_DJ_05;1;;SOWING_DATE;17/05/2017;11;24
2017;S;-;RC;SG_DK_05;1;;HARVEST_DATE;18/10/2017;11;24
2017;S;-;RC;SG_DK_05;1;;SOWING_DATE;17/05/2017;11;24
2017;A;-;RC;AR_60_04;0;;HARVEST_DATE;04/08/2017;5;9
2017;A;-;RC;AR_60_04;0;;SOWING_DATE;20/03/2017;5;9
2017;A;-;RC;AR_65_04;0;;SOWING_DATE;28/03/2017;5;9
2017;A;-;RC;AR_67_04;0;;SOWING_DATE;28/03/2017;5;9
2018;B;-;RC;B5_64_05;0;;HARVEST_DATE;29/06/2018;6;12
2018;B;-;RC;B5_64_05;0;;SOWING_DATE;02/11/2017;6;12
2018;B;-;RC;B5_07_05;0;;HARVEST_DATE;29/06/2018;6;12
2018;B;-;RC;B5_07_05;0;;SOWING_DATE;03/11/2017;6;12
2018;B;-;RC;B5_54_05;0;;HARVEST_DATE;29/06/2018;6;12
2018;B;-;RC;B5_54_05;0;;SOWING_DATE;03/11/2017;6;12
2018;B;-;RC;B5_24_04;0;;HARVEST_DATE;30/06/2018;6;12
2018;B;-;RC;B5_24_04;0;;SOWING_DATE;03/11/2017;6;12
2018;O;H;RC;OR_HA_05;1;;HARVEST_DATE;03/07/2018;8;80
2018;O;H;RC;OR_HA_05;1;;SOWING_DATE;09/10/2017;8;80
2018;O;H;RC;OR_G6_03;1;;HARVEST_DATE;04/07/2018;8;80
2018;O;H;RC;OR_G6_03;1;;SOWING_DATE;09/10/2017;8;80
2018;O;H;RC;OR_G3_25;1;;HARVEST_DATE;04/07/2018;8;80
2018;O;H;RC;OR_G3_25;1;;SOWING_DATE;09/10/2017;8;80
2018;O;H;RC;OR_HA_02;1;;HARVEST_DATE;25/06/2018;8;80
2018;O;H;RC;OR_HA_02;1;;SOWING_DATE;12/10/2017;8;80
2018;O;H;RC;OR_HA_01;1;;HARVEST_DATE;26/06/2018;8;80
2018;O;H;RC;OR_HA_01;1;;SOWING_DATE;12/10/2017;8;80
2018;O;H;RC;OR_HL_02;1;;HARVEST_DATE;25/06/2018;8;80
2018;O;H;RC;OR_HL_02;1;;SOWING_DATE;12/10/2017;8;80
2018;O;H;RC;OR_HM_02;1;;HARVEST_DATE;25/06/2018;8;80
2018;O;H;RC;OR_HM_02;1;;SOWING_DATE;12/10/2017;8;80
2018;O;H;RC;OR_AD_05;1;;HARVEST_DATE;25/06/2018;8;80
2018;O;H;RC;OR_AD_05;1;;SOWING_DATE;12/10/2017;8;80
2018;O;H;RC;OR_H4_03;1;;HARVEST_DATE;26/06/2018;8;80
2018;O;H;RC;OR_H4_03;1;;SOWING_DATE;12/10/2017;8;80
2018;W;-;RC;WL_57_08;0;;FHB_INO;NO;13;26
2018;W;-;RC;WL_57_08;0;;FGD;Y;13;26
2018;W;-;RC;WL_57_08;0;;HARVEST_DATE;11/07/2018;13;26
2018;W;-;RC;WL_57_08;0;;SPRAY;N;13;26
2018;W;-;RC;WL_57_08;0;;PHOSPHATE;N;13;26
2018;W;-;RC;WL_57_08;0;;SOWING_DATE;19/10/2017;13;26
2018;W;-;RC;WL_40_08;0;;FHB_INO;NO;13;26
2018;W;-;RC;WL_40_08;0;;FGD;Y;13;26
2018;W;-;RC;WL_40_08;0;;HARVEST_DATE;11/07/2018;13;26
2018;W;-;RC;WL_40_08;0;;SPRAY;N;13;26
2018;W;-;RC;WL_40_08;0;;PHOSPHATE;N;13;26
2018;W;-;RC;WL_40_08;0;;SOWING_DATE;19/10/2017;13;26
2018;W;-;RC;WL_45_07;1;;FHB_INO;NO;13;26
2018;W;-;RC;WL_45_07;1;;FGD;Y;13;26
2018;W;-;RC;WL_45_07;1;;HARVEST_DATE;22/07/2018;13;26
2018;W;-;RC;WL_45_07;1;;SPRAY;N;13;26
2018;W;-;RC;WL_45_07;1;;PHOSPHATE;N;13;26
2018;W;-;RC;WL_45_07;1;;SOWING_DATE;11/10/2017;13;26
2018;W;-;RC;WL_53_07;0;;FHB_INO;NO;13;26
2018;W;-;RC;WL_53_07;0;;FGD;Y;13;26
2018;W;-;RC;WL_53_07;0;;HARVEST_DATE;22/07/2018;13;26
2018;W;-;RC;WL_53_07;0;;SPRAY;N;13;26
2018;W;-;RC;WL_53_07;0;;PHOSPHATE;N;13;26
2018;W;-;RC;WL_53_07;0;;SOWING_DATE;11/10/2017;13;26
2018;D;-;RC;DM_FN_04;0;;SOWING_DATE;15/11/2017;7;15
2018;D;-;RC;DM_GA_04;0;;SOWING_DATE;15/11/2017;7;15
2018;W;-;RC;WL_27_01;0;;FHB_INO;NO;13;26
2018;W;-;RC;WL_27_01;0;;FGD;Y;13;26
2018;W;-;RC;WL_27_01;0;;HARVEST_DATE;25/07/2018;13;26
2018;W;-;RC;WL_27_01;0;;SPRAY;N;13;26
2018;W;-;RC;WL_27_01;0;;PHOSPHATE;N;13;26
2018;W;-;RC;WL_27_01;0;;SOWING_DATE;12/10/2017;13;26
2018;W;-;RC;WL_50_01;0;;FHB_INO;NO;13;26
2018;W;-;RC;WL_50_01;0;;FGD;Y;13;26
2018;W;-;RC;WL_50_01;0;;HARVEST_DATE;25/07/2018;13;26
2018;W;-;RC;WL_50_01;0;;SPRAY;N;13;26
2018;W;-;RC;WL_50_01;0;;PHOSPHATE;N;13;26
2018;W;-;RC;WL_50_01;0;;SOWING_DATE;12/10/2017;13;26
2018;W;-;RC;WL_02_07;1;;FHB_INO;NO;13;26
2018;W;-;RC;WL_02_07;1;;FGD;Y;13;26
2018;W;-;RC;WL_02_07;1;;HARVEST_DATE;25/07/2018;13;26
2018;W;-;RC;WL_02_07;1;;SPRAY;N;13;26
2018;W;-;RC;WL_02_07;1;;PHOSPHATE;N;13;26
2018;W;-;RC;WL_02_07;1;;SOWING_DATE;12/10/2017;13;26
2018;W;-;RC;WL_06_02;0;;FHB_INO;NO;13;26
2018;W;-;RC;WL_06_02;0;;FGD;Y;13;26
2018;W;-;RC;WL_06_02;0;;HARVEST_DATE;25/07/2018;13;26
2018;W;-;RC;WL_06_02;0;;SPRAY;N;13;26
2018;W;-;RC;WL_06_02;0;;PHOSPHATE;N;13;26
2018;W;-;RC;WL_06_02;0;;SOWING_DATE;12/10/2017;13;26
2018;W;-;RC;WL_50_02;0;;FHB_INO;NO;13;26
2018;W;-;RC;WL_50_02;0;;FGD;N;13;26
2018;W;-;RC;WL_50_02;0;;HARVEST_DATE;24/07/2018;13;26
2018;W;-;RC;WL_50_02;0;;SPRAY;N;13;26
2018;W;-;RC;WL_50_02;0;;PHOSPHATE;N;13;26
2018;W;-;RC;WL_50_02;0;;SOWING_DATE;12/10/2017;13;26
2019;W;-;RC;WL_04_58;0;;FHB_INO;NO;13;26
2019;W;-;RC;WL_04_58;0;;FGD;Y;13;26
2019;W;-;RC;WL_04_58;0;;HARVEST_DATE;17/07/2018;13;26
2019;W;-;RC;WL_04_58;0;;SPRAY;N;13;26
2019;W;-;RC;WL_04_58;0;;PHOSPHATE;N;13;26
2019;W;-;RC;WL_04_58;0;;SOWING_DATE;17/10/2017;13;26
2018;W;-;RC;WL_04_52;1;;FHB_INO;NO;13;26
2018;W;-;RC;WL_04_52;1;;FGD;N;13;26
2018;W;-;RC;WL_04_52;1;;PHOSPHATE;N;13;26
2018;W;-;RC;WL_05_54;1;;FHB_INO;NO;13;26
2018;W;-;RC;WL_05_54;1;;FGD;Y;13;26
2018;W;-;RC;WL_05_54;1;;PHOSPHATE;N;13;26
2018;W;-;RC;WL_01_07;0;;FHB_INO;NO;13;26
2018;W;-;RC;WL_01_07;0;;FGD;N;13;26
2018;W;-;RC;WL_01_07;0;;PHOSPHATE;N;13;26
2019;W;-;RC;WL_02_59;0;;FHB_INO;NO;13;26
2019;W;-;RC;WL_02_59;0;;FGD;Y;13;26
2019;W;-;RC;WL_02_59;0;;HARVEST_DATE;17/07/2018;13;26
2019;W;-;RC;WL_02_59;0;;PHOSPHATE;N;13;26
2019;W;-;RC;WL_02_59;0;;SOWING_DATE;14/10/2017;13;26
2018;W;-;RC;WL_15_05;0;;FHB_INO;NO;13;26
2018;W;-;RC;WL_15_05;0;;FGD;Y;13;26
2018;W;-;RC;WL_15_05;0;;HARVEST_DATE;19/07/2018;13;26
2018;W;-;RC;WL_15_05;0;;SPRAY;N;13;26
2018;W;-;RC;WL_15_05;0;;PHOSPHATE;N;13;26
2018;W;-;RC;WL_15_05;0;;SOWING_DATE;17/10/2017;13;26
2018;W;-;RC;WL_51_05;0;;FHB_INO;SPRAYING;13;26
2018;W;-;RC;WL_51_05;0;;FGD;N;13;26
2018;W;-;RC;WL_51_05;0;;HARVEST_DATE;17/07/2018;13;26
2018;W;-;RC;WL_51_05;0;;SPRAY;N;13;26
2018;W;-;RC;WL_51_05;0;;PHOSPHATE;N;13;26
2018;W;-;RC;WL_51_05;0;;SOWING_DATE;18/10/2017;13;26
2018;W;-;RC;WL_03_05;0;;FHB_INO;SPRAYING;13;26
2018;W;-;RC;WL_03_05;0;;FGD;N;13;26
2018;W;-;RC;WL_03_05;0;;HARVEST_DATE;17/07/2018;13;26
2018;W;-;RC;WL_03_05;0;;SPRAY;N;13;26
2018;W;-;RC;WL_03_05;0;;PHOSPHATE;N;13;26
2018;W;-;RC;WL_03_05;0;;SOWING_DATE;18/10/2017;13;26
2018;W;-;RC;WL_57_04;0;;FHB_INO;NO;13;26
2018;W;-;RC;WL_57_04;0;;FGD;Y;13;26
2018;W;-;RC;WL_57_04;0;;HARVEST_DATE;16/07/2017;13;26
2018;W;-;RC;WL_57_04;0;;SPRAY;N;13;26
2018;W;-;RC;WL_57_04;0;;PHOSPHATE;N;13;26
2018;W;-;RC;WL_57_04;0;;SOWING_DATE;17/10/2017;13;26
2018;W;-;RC;WL_24_04;0;;FHB_INO;NO;13;26
2018;W;-;RC;WL_24_04;0;;FGD;Y;13;26
2018;W;-;RC;WL_24_04;0;;HARVEST_DATE;16/07/2017;13;26
2018;W;-;RC;WL_24_04;0;;SPRAY;N;13;26
2018;W;-;RC;WL_24_04;0;;PHOSPHATE;N;13;26
2018;W;-;RC;WL_24_04;0;;SOWING_DATE;17/10/2017;13;26
2018;W;-;RC;WL_15_04;0;;FHB_INO;NO;13;26
2018;W;-;RC;WL_15_04;0;;FGD;Y;13;26
2018;W;-;RC;WL_15_04;0;;HARVEST_DATE;23/07/2018;13;26
2018;W;-;RC;WL_15_04;0;;SPRAY;N;13;26
2018;W;-;RC;WL_15_04;0;;PHOSPHATE;N-;13;26
2018;W;-;RC;WL_15_04;0;;SOWING_DATE;17/10/2017;13;26
2018;W;-;RC;WO_98_05;0;;FHB_INO;SPRAYING;13;26
2018;W;-;RC;WO_98_05;0;;FGD;N;13;26
2018;W;-;RC;WO_98_05;0;;HARVEST_DATE;19/07/2018;13;26
2018;W;-;RC;WO_98_05;0;;SPRAY;N;13;26
2018;W;-;RC;WO_98_05;0;;PHOSPHATE;N;13;26
2018;W;-;RC;WO_98_05;0;;SOWING_DATE;18/10/2017;13;26
2018;W;-;RC;WO_07_05;0;;FHB_INO;SPRAYING;13;26
2018;W;-;RC;WO_07_05;0;;FGD;N;13;26
2018;W;-;RC;WO_07_05;0;;HARVEST_DATE;19/07/2018;13;26
2018;W;-;RC;WO_07_05;0;;SPRAY;N;13;26
2018;W;-;RC;WO_07_05;0;;PHOSPHATE;N;13;26
2018;W;-;RC;WO_07_05;0;;SOWING_DATE;18/10/2017;13;26
2018;W;-;RC;WO_45_05;0;;FHB_INO;SPRAYING;13;26
2018;W;-;RC;WO_45_05;0;;FGD;N;13;26
2018;W;-;RC;WO_45_05;0;;HARVEST_DATE;19/07/2018;13;26
2018;W;-;RC;WO_45_05;0;;SPRAY;N;13;26
2018;W;-;RC;WO_45_05;0;;PHOSPHATE;N;13;26
2018;W;-;RC;WO_45_05;0;;SOWING_DATE;18/10/2017;13;26
2018;W;-;RC;WO_61_05;0;;FHB_INO;SPRAYING;13;26
2018;W;-;RC;WO_61_05;0;;FGD;N;13;26
2018;W;-;RC;WO_61_05;0;;HARVEST_DATE;19/07/2018;13;26
2018;W;-;RC;WO_61_05;0;;SPRAY;N;13;26
2018;W;-;RC;WO_61_05;0;;PHOSPHATE;N;13;26
2018;W;-;RC;WO_61_05;0;;SOWING_DATE;18/10/2017;13;26
2018;W;-;RC;WO_63_05;0;;FHB_INO;SPRAYING;13;26
2018;W;-;RC;WO_63_05;0;;FGD;N;13;26
2018;W;-;RC;WO_63_05;0;;HARVEST_DATE;19/07/2018;13;26
2018;W;-;RC;WO_63_05;0;;SPRAY;N;13;26
2018;W;-;RC;WO_63_05;0;;PHOSPHATE;N;13;26
2018;W;-;RC;WO_63_05;0;;SOWING_DATE;18/10/2017;13;26
2018;W;-;RC;WO_10_05;0;;FHB_INO;SPRAYING;13;26
2018;W;-;RC;WO_10_05;0;;FGD;N;13;26
2018;W;-;RC;WO_10_05;0;;HARVEST_DATE;19/07/2018;13;26
2018;W;-;RC;WO_10_05;0;;SPRAY;N;13;26
2018;W;-;RC;WO_10_05;0;;PHOSPHATE;N;13;26
2018;W;-;RC;WO_10_05;0;;SOWING_DATE;18/10/2017;13;26
2018;W;-;RC;WO_19_05;0;;FHB_INO;SPRAYING;13;26
2018;W;-;RC;WO_19_05;0;;FGD;N;13;26
2018;W;-;RC;WO_19_05;0;;HARVEST_DATE;19/07/2018;13;26
2018;W;-;RC;WO_19_05;0;;SPRAY;N;13;26
2018;W;-;RC;WO_19_05;0;;PHOSPHATE;N;13;26
2018;W;-;RC;WO_19_05;0;;SOWING_DATE;18/10/2017;13;26
2018;W;-;RC;WO_81_05;0;;FHB_INO;SPRAYING;13;26
2018;W;-;RC;WO_81_05;0;;FGD;N;13;26
2018;W;-;RC;WO_81_05;0;;HARVEST_DATE;19/07/2018;13;26
2018;W;-;RC;WO_81_05;0;;SPRAY;N;13;26
2018;W;-;RC;WO_81_05;0;;PHOSPHATE;N;13;26
2018;W;-;RC;WO_81_05;0;;SOWING_DATE;18/10/2017;13;26
2018;W;-;RC;WO_68_05;0;;FHB_INO;SPRAYING;13;26
2018;W;-;RC;WO_68_05;0;;FGD;N;13;26
2018;W;-;RC;WO_68_05;0;;HARVEST_DATE;19/07/2018;13;26
2018;W;-;RC;WO_68_05;0;;SPRAY;N;13;26
2018;W;-;RC;WO_68_05;0;;PHOSPHATE;N;13;26
2018;W;-;RC;WO_68_05;0;;SOWING_DATE;18/10/2017;13;26
2018;W;-;RC;WL_06_08;0;;FHB_INO;NO;13;26
2018;W;-;RC;WL_06_08;0;;FGD;Y;13;26
2018;W;-;RC;WL_06_08;0;;HARVEST_DATE;01/08/2018;13;26
2018;W;-;RC;WL_06_08;0;;PHOSPHATE;N;13;26
2018;W;-;RC;WL_06_08;0;;SOWING_DATE;27/10/2017;13;26
2019;W;-;RC;WL_06_08;0;;FHB_INO;NO;13;26
2019;W;-;RC;WL_06_08;0;;FGD;Y;13;26
2019;W;-;RC;WL_06_08;0;;HARVEST_DATE;01/08/2018;13;26
2019;W;-;RC;WL_06_08;0;;PHOSPHATE;N;13;26
2019;W;-;RC;WL_06_08;0;;SOWING_DATE;27/10/2017;13;26
2018;W;-;RC;WL_57_06;0;;FHB_INO;NO;13;26
2018;W;-;RC;WL_57_06;0;;FGD;Y;13;26
2018;W;-;RC;WL_57_06;0;;HARVEST_DATE;10/07/2018;13;26
2018;W;-;RC;WL_57_06;0;;SPRAY;Y;13;26
2018;W;-;RC;WL_57_06;0;;PHOSPHATE;N;13;26
2018;W;-;RC;WL_57_06;0;;SOWING_DATE;20/10/2017;13;26
2018;W;-;RC;WL_40_06;0;;FHB_INO;NO;13;26
2018;W;-;RC;WL_40_06;0;;FGD;Y;13;26
2018;W;-;RC;WL_40_06;0;;HARVEST_DATE;10/07/2018;13;26
2018;W;-;RC;WL_40_06;0;;SPRAY;Y;13;26
2018;W;-;RC;WL_40_06;0;;PHOSPHATE;N;13;26
2018;W;-;RC;WL_40_06;0;;SOWING_DATE;20/10/2017;13;26
2018;W;-;RC;WL_03_06;0;;FHB_INO;NO;13;26
2018;W;-;RC;WL_03_06;0;;FGD;Y;13;26
2018;W;-;RC;WL_03_06;0;;HARVEST_DATE;10/07/2018;13;26
2018;W;-;RC;WL_03_06;0;;SPRAY;Y;13;26
2018;W;-;RC;WL_03_06;0;;PHOSPHATE;N;13;26
2018;W;-;RC;WL_03_06;0;;SOWING_DATE;20/10/2017;13;26
2018;W;-;RC;WL_01_01;1;;FHB_INO;NO;13;26
2018;W;-;RC;WL_01_01;1;;FGD;Y;13;26
2018;W;-;RC;WL_01_01;1;;HARVEST_DATE;10/07/2018;13;26
2018;W;-;RC;WL_01_01;1;;SPRAY;Y;13;26
2018;W;-;RC;WL_01_01;1;;PHOSPHATE;N;13;26
2018;W;-;RC;WL_01_01;1;;SOWING_DATE;20/10/2017;13;26
2018;W;-;RC;WL_04_40;1;;HARVEST_DATE;03/08/2018;13;26
2018;W;-;RC;WL_04_40;1;;SOWING_DATE;01/11/2017;13;26
2018;B;-;RC;B1_47_04;0;;SOWING_DATE;18/04/2018;6;12
2018;B;-;RC;B1_07_04;0;;SOWING_DATE;18/04/2018;6;12
2018;B;-;RC;B1_44_04;0;;SOWING_DATE;18/04/2018;6;12
2018;T;-;RC;TA_05;1;;SOWING_DATE;12/10/2017;12;25
2018;A;-;RC;AR_02_07;0;;SOWING_DATE;12/10/2017;5;9
2018;O;H;RC;OR_G3_03;1;;SOWING_DATE;03/10/2017;8;80
2018;O;H;RC;OR_G3_54;1;;SOWING_DATE;03/10/2017;8;80
2018;O;H;RC;OR_HH_07;1;;SOWING_DATE;03/10/2017;8;80
2018;O;H;RC;OR_HI_07;1;;SOWING_DATE;03/10/2017;8;80
2018;O;H;RC;OR_HJ_07;1;;SOWING_DATE;03/10/2017;8;80
2018;O;H;RC;OR_HM_07;1;;SOWING_DATE;03/10/2017;8;80
2018;O;H;RC;OR_OA_05;1;;SOWING_DATE;03/10/2017;8;80
2018;O;H;RC;OR_HS_05;1;;SOWING_DATE;03/10/2017;8;80
2018;O;H;RC;OR_AP_05;1;;SOWING_DATE;03/10/2017;8;80
2018;O;H;RC;OR_HK_08;1;;SOWING_DATE;29/09/2017;8;80
2018;O;H;RC;OR_HL_08;1;;SOWING_DATE;29/09/2017;8;80
2018;O;H;RC;OR_GA_04;1;;SOWING_DATE;29/09/2017;8;80
2018;O;H;RC;OR_AA_06;0;;SOWING_DATE;13/10/2017;8;80
2018;W;-;RC;WL_85_04;0;;SOWING_DATE;25/10/2017;13;26
2019;W;-;RC;WL_02_42;0;;SOWING_DATE;25/10/2017;13;26
2019;W;-;RC;WL_14_08;0;;SOWING_DATE;25/10/2017;13;26
2018;W;-;RC;WL_05_58;1;;SOWING_DATE;25/10/2017;13;26
2018;W;-;RC;WL_04_45;1;;SOWING_DATE;25/10/2017;13;26
2019;W;-;RC;WL_48_05;0;;SOWING_DATE;25/10/2017;13;26
2019;W;-;RC;WL_15_07;0;;SOWING_DATE;25/10/2017;13;26
2019;W;-;RC;WL_08_06;0;;SOWING_DATE;25/10/2017;13;26
2019;W;-;RC;WL_45_09;0;;SOWING_DATE;25/10/2017;13;26
2019;W;-;RC;WL_02_45;0;;SOWING_DATE;25/10/2017;13;26
2018;W;-;RC;WL_85_05;0;;SOWING_DATE;25/10/2017;13;26
2018;W;-;RC;WL_84_05;0;;SOWING_DATE;25/10/2017;13;26
2018;W;-;RC;WL_24_06;0;;SOWING_DATE;25/10/2017;13;26
2018;W;-;RC;WL_22_06;1;;SOWING_DATE;25/10/2017;13;26
2018;W;-;RC;WL_01_51;0;;SOWING_DATE;19/10/2017;13;26
2018;W;-;RC;WR_56_05;0;;SOWING_DATE;19/10/2017;13;26
2018;W;-;RC;WR_59_05;0;;SOWING_DATE;19/10/2017;13;26
2018;W;-;RC;WR_53_04;0;;SOWING_DATE;18/10/2017;13;26
2018;W;-;RC;WR_27_04;0;;SOWING_DATE;18/10/2017;13;26
2018;W;-;RC;WR_15_04;0;;SOWING_DATE;18/10/2017;13;26
2018;O;H;RC;OR_G6_01;1;;SOWING_DATE;27/09/2017;8;80
2018;A;-;RC;AR_05_02;1;;SOWING_DATE;28/09/2017;5;9
2018;A;-;RC;AR_47_05;0;;SOWING_DATE;28/09/2017;5;9
2018;A;-;RC;AR_52_04;1;;SOWING_DATE;28/09/2017;5;9
2018;B;-;RC;B4_59_04;0;;HARVEST_DATE;18/07/2018;6;12
2018;B;-;RC;B4_59_04;0;;SOWING_DATE;07/04/2018;6;12
2018;B;-;RC;B4_08_01;0;;HARVEST_DATE;18/07/2018;6;12
2018;B;-;RC;B4_08_01;0;;SOWING_DATE;07/04/2018;6;12
2018;B;-;RC;B4_06_01;0;;HARVEST_DATE;18/07/2018;6;12
2018;B;-;RC;B4_06_01;0;;SOWING_DATE;07/04/2018;6;12
2018;B;-;RC;B4_04_09;0;;HARVEST_DATE;18/07/2018;6;12
2018;B;-;RC;B4_04_09;0;;SOWING_DATE;07/04/2018;6;12
2018;B;-;RC;B4_07_09;0;;HARVEST_DATE;23/07/2018;6;12
2018;B;-;RC;B4_07_09;0;;SOWING_DATE;07/04/2018;6;12
2018;B;-;RC;B4_05_05;1;;HARVEST_DATE;29/06/2018;6;12
2018;B;-;RC;B4_05_05;1;;SOWING_DATE;08/02/2018;6;12
2018;B;-;RC;B4_59_05;0;;HARVEST_DATE;23/07/2018;6;12
2018;B;-;RC;B4_59_05;0;;SOWING_DATE;17/04/2018;6;12
2018;D;-;RC;DM_TD_04;0;;SOWING_DATE;31/10/2016;7;15
2018;W;-;RC;WL_21_01;1;;SOWING_DATE;31/10/2016;13;26
2018;D;-;RC;DM_VF_05;0;;SOWING_DATE;30/10/2017;7;15
2018;D;-;RC;DM_ID_05;0;;SOWING_DATE;30/10/2017;7;15
2018;D;-;RC;DM_IL_05;0;;SOWING_DATE;30/10/2017;7;15
2018;D;-;RC;DM_IN_05;0;;SOWING_DATE;30/10/2017;7;15
2018;D;-;RC;DM_GN_05;0;;SOWING_DATE;30/10/2017;7;15
2018;D;-;RC;DM_FB_05;0;;SOWING_DATE;30/10/2017;7;15
2018;D;-;RC;DM_FD_05;0;;SOWING_DATE;30/10/2017;7;15
2018;D;-;RC;DM_FE_05;0;;SOWING_DATE;30/10/2017;7;15
2018;D;-;RC;DM_DA_05;0;;SOWING_DATE;30/10/2017;7;15
2018;D;-;RC;DM_DB_05;0;;SOWING_DATE;30/10/2017;7;15
2018;D;-;RC;DM_DG_05;0;;SOWING_DATE;30/10/2017;7;15
2018;D;-;RC;DM_DU_05;0;;SOWING_DATE;30/10/2017;7;15
2018;D;-;RC;DM_FF_05;0;;SOWING_DATE;30/10/2017;7;15
2018;W;-;RC;WL_72_04;0;;HARVEST_DATE;07/07/2018;13;26
2018;W;-;RC;WL_72_04;0;;SOWING_DATE;09/11/2017;13;26
2018;W;-;RC;WL_79_02;0;;HARVEST_DATE;07/07/2018;13;26
2018;W;-;RC;WL_79_02;0;;SOWING_DATE;10/11/2017;13;26
2018;D;-;RC;DM_GD_05;0;;HARVEST_DATE;16/07/2018;7;15
2018;D;-;RC;DM_GD_05;0;;SOWING_DATE;26/10/2017;7;15
2018;D;-;RC;DM_FM_01;0;;HARVEST_DATE;16/07/2018;7;15
2018;D;-;RC;DM_FM_01;0;;SOWING_DATE;26/10/2017;7;15
2018;D;-;RC;DM_TF_05;1;;HARVEST_DATE;17/07/2018;7;15
2018;D;-;RC;DM_TF_05;1;;SOWING_DATE;26/10/2017;7;15
2018;O;H;RC;OR_AA_55;1;;HARVEST_DATE;09/07/2018;8;80
2018;O;H;RC;OR_AA_55;1;;SOWING_DATE;21/10/2017;8;80
2018;O;H;RC;OR_HH_06;1;;SOWING_DATE;11/10/2017;8;80
2018;A;-;RC;AR_81_05;0;;SOWING_DATE;26/03/2018;5;9
2018;A;-;RC;AR_92_05;0;;SOWING_DATE;26/03/2018;5;9
2018;A;-;RC;AR_98_05;0;;SOWING_DATE;26/03/2018;5;9
2018;A;-;RC;AR_84_05;0;;SOWING_DATE;26/03/2018;5;9
2018;A;-;RC;AR_77_01;0;;HARVEST_DATE;27/07/2018;5;9
2018;A;-;RC;AR_77_01;0;;SOWING_DATE;26/03/2018;5;9
2018;O;P;RC;OR_PP_05;0;;SOWING_DATE;26/03/2018;8;78
2018;O;P;RC;OR_P5_28;0;;SOWING_DATE;26/03/2018;8;78
2018;O;P;RC;OR_P5_15;0;;SOWING_DATE;26/03/2018;8;78
2018;O;P;RC;OR_P5_14;0;;SOWING_DATE;26/03/2018;8;78
2018;O;P;RC;OR_P5_70;0;;SOWING_DATE;26/03/2018;8;78
2018;O;P;RC;OR_P5_74;0;;SOWING_DATE;26/03/2018;8;78
2018;O;P;RC;OR_PH_05;0;;SOWING_DATE;26/03/2018;8;78
2018;O;P;RC;OR_PL_05;0;;SOWING_DATE;26/03/2018;8;78
2018;O;P;RC;OR_PO_04;0;;HARVEST_DATE;30/07/2018;8;78
2018;O;P;RC;OR_PO_04;0;;SOWING_DATE;11/04/2018;8;78
2018;O;P;RC;OR_PC_04;0;;HARVEST_DATE;30/07/2018;8;78
2018;O;P;RC;OR_PC_04;0;;SOWING_DATE;11/04/2018;8;78
2018;O;P;RC;OR_PY_04;0;;HARVEST_DATE;30/07/2018;8;78
2018;O;P;RC;OR_PY_04;0;;SOWING_DATE;11/04/2018;8;78
2018;O;P;RC;OR_P5_06;0;;SOWING_DATE;07/04/2018;8;78
2018;O;P;RC;OR_P5_45;0;;SOWING_DATE;07/04/2018;8;78
2018;A;-;RC;AR_89_02;0;;SOWING_DATE;21/04/2018;5;9
2019;W;-;RC;WL_02_03;0;;FHB_INO;NO;13;26
2019;W;-;RC;WL_02_03;0;;FGD;Y;13;26
2019;W;-;RC;WL_02_03;0;;HARVEST_DATE;11/07/2018;13;26
2019;W;-;RC;WL_02_03;0;;SPRAY;N;13;26
2019;W;-;RC;WL_02_03;0;;PHOSPHATE;N;13;26
2019;W;-;RC;WL_02_03;0;;SOWING_DATE;19/10/2017;13;26
2019;W;-;RC;WL_53_08;0;;FHB_INO;NO;13;26
2019;W;-;RC;WL_53_08;0;;FGD;Y;13;26
2019;W;-;RC;WL_53_08;0;;HARVEST_DATE;11/07/2018;13;26
2019;W;-;RC;WL_53_08;0;;SPRAY;N;13;26
2019;W;-;RC;WL_53_08;0;;PHOSPHATE;N;13;26
2019;W;-;RC;WL_53_08;0;;SOWING_DATE;19/10/2017;13;26
2019;W;-;RC;WL_55_08;0;;FHB_INO;NO;13;26
2019;W;-;RC;WL_55_08;0;;FGD;Y;13;26
2019;W;-;RC;WL_55_08;0;;HARVEST_DATE;11/07/2018;13;26
2019;W;-;RC;WL_55_08;0;;SPRAY;N;13;26
2019;W;-;RC;WL_55_08;0;;PHOSPHATE;N;13;26
2019;W;-;RC;WL_55_08;0;;SOWING_DATE;19/10/2017;13;26
2019;W;-;RC;WL_24_07;0;;FHB_INO;NO;13;26
2019;W;-;RC;WL_24_07;0;;FGD;N;13;26
2019;W;-;RC;WL_24_07;0;;HARVEST_DATE;22/07/2018;13;26
2019;W;-;RC;WL_24_07;0;;SPRAY;N;13;26
2019;W;-;RC;WL_24_07;0;;PHOSPHATE;N;13;26
2019;W;-;RC;WL_24_07;0;;SOWING_DATE;10/10/2017;13;26
2019;W;-;RC;WL_59_07;0;;FHB_INO;NO;13;26
2019;W;-;RC;WL_59_07;0;;FGD;Y;13;26
2019;W;-;RC;WL_59_07;0;;HARVEST_DATE;22/07/2018;13;26
2019;W;-;RC;WL_59_07;0;;SPRAY;N;13;26
2019;W;-;RC;WL_59_07;0;;PHOSPHATE;N;13;26
2019;W;-;RC;WL_59_07;0;;SOWING_DATE;11/10/2017;13;26
2019;W;-;RC;WL_50_07;0;;FHB_INO;NO;13;26
2019;W;-;RC;WL_50_07;0;;FGD;Y;13;26
2019;W;-;RC;WL_50_07;0;;HARVEST_DATE;24/07/2018;13;26
2019;W;-;RC;WL_50_07;0;;SPRAY;N;13;26
2019;W;-;RC;WL_50_07;0;;PHOSPHATE;N;13;26
2019;W;-;RC;WL_50_07;0;;SOWING_DATE;10/10/2017;13;26
2019;W;-;RC;WL_08_07;0;;FHB_INO;NO;13;26
2019;W;-;RC;WL_08_07;0;;FGD;Y;13;26
2019;W;-;RC;WL_08_07;0;;HARVEST_DATE;24/07/2018;13;26
2019;W;-;RC;WL_08_07;0;;SPRAY;N;13;26
2019;W;-;RC;WL_08_07;0;;PHOSPHATE;N;13;26
2019;W;-;RC;WL_08_07;0;;SOWING_DATE;10/10/2017;13;26
2019;W;-;RC;WL_08_02;0;;FHB_INO;NO;13;26
2019;W;-;RC;WL_08_02;0;;FGD;Y;13;26
2019;W;-;RC;WL_08_02;0;;HARVEST_DATE;25/07/2018;13;26
2019;W;-;RC;WL_08_02;0;;SPRAY;N;13;26
2019;W;-;RC;WL_08_02;0;;PHOSPHATE;N;13;26
2019;W;-;RC;WL_08_02;0;;SOWING_DATE;12/10/2017;13;26
2019;W;-;RC;WL_50_01;0;;FHB_INO;NO;13;26
2019;W;-;RC;WL_50_01;0;;FGD;Y;13;26
2019;W;-;RC;WL_50_01;0;;HARVEST_DATE;25/07/2018;13;26
2019;W;-;RC;WL_50_01;0;;SPRAY;N;13;26
2019;W;-;RC;WL_50_01;0;;PHOSPHATE;N;13;26
2019;W;-;RC;WL_50_01;0;;SOWING_DATE;12/10/2017;13;26
2019;W;-;RC;WL_44_01;0;;FHB_INO;NO;13;26
2019;W;-;RC;WL_44_01;0;;FGD;Y;13;26
2019;W;-;RC;WL_44_01;0;;HARVEST_DATE;26/07/2018;13;26
2019;W;-;RC;WL_44_01;0;;SPRAY;N;13;26
2019;W;-;RC;WL_44_01;0;;PHOSPHATE;N;13;26
2019;W;-;RC;WL_44_01;0;;SOWING_DATE;12/10/2017;13;26
2019;W;-;RC;WL_59_01;0;;FHB_INO;NO;13;26
2019;W;-;RC;WL_59_01;0;;FGD;Y;13;26
2019;W;-;RC;WL_59_01;0;;HARVEST_DATE;26/07/2018;13;26
2019;W;-;RC;WL_59_01;0;;SPRAY;N;13;26
2019;W;-;RC;WL_59_01;0;;PHOSPHATE;N;13;26
2019;W;-;RC;WL_59_01;0;;SOWING_DATE;12/10/2017;13;26
2019;W;-;RC;WL_43_01;0;;FHB_INO;NO;13;26
2019;W;-;RC;WL_43_01;0;;FGD;Y;13;26
2019;W;-;RC;WL_43_01;0;;HARVEST_DATE;25/07/2018;13;26
2019;W;-;RC;WL_43_01;0;;SPRAY;N;13;26
2019;W;-;RC;WL_43_01;0;;PHOSPHATE;N;13;26
2019;W;-;RC;WL_43_01;0;;SOWING_DATE;12/10/2017;13;26
2019;W;-;RC;WL_43_02;0;;FHB_INO;NO;13;26
2019;W;-;RC;WL_43_02;0;;FGD;N;13;26
2019;W;-;RC;WL_43_02;0;;HARVEST_DATE;24/07/2018;13;26
2019;W;-;RC;WL_43_02;0;;SPRAY;N;13;26
2019;W;-;RC;WL_43_02;0;;PHOSPHATE;N;13;26
2019;W;-;RC;WL_43_02;0;;SOWING_DATE;12/10/2017;13;26
2019;W;-;RC;WL_57_02;0;;FHB_INO;NO;13;26
2019;W;-;RC;WL_57_02;0;;FGD;N;13;26
2019;W;-;RC;WL_57_02;0;;HARVEST_DATE;24/07/2018;13;26
2019;W;-;RC;WL_57_02;0;;SPRAY;N;13;26
2019;W;-;RC;WL_57_02;0;;PHOSPHATE;N;13;26
2019;W;-;RC;WL_57_02;0;;SOWING_DATE;12/10/2017;13;26
2019;W;-;RC;WL_58_05;0;;FHB_INO;SPRAYING;13;26
2019;W;-;RC;WL_58_05;0;;FGD;N;13;26
2019;W;-;RC;WL_58_05;0;;HARVEST_DATE;17/07/2018;13;26
2019;W;-;RC;WL_58_05;0;;SPRAY;N;13;26
2019;W;-;RC;WL_58_05;0;;PHOSPHATE;N;13;26
2019;W;-;RC;WL_58_05;0;;SOWING_DATE;18/10/2017;13;26
2019;W;-;RC;WL_55_05;0;;FHB_INO;SPRAYING;13;26
2019;W;-;RC;WL_55_05;0;;FGD;N;13;26
2019;W;-;RC;WL_55_05;0;;HARVEST_DATE;17/07/2018;13;26
2019;W;-;RC;WL_55_05;0;;SPRAY;N;13;26
2019;W;-;RC;WL_55_05;0;;PHOSPHATE;N;13;26
2019;W;-;RC;WL_55_05;0;;SOWING_DATE;18/10/2017;13;26
2019;W;-;RC;WL_54_04;0;;FHB_INO;NO;13;26
2019;W;-;RC;WL_54_04;0;;FGD;Y;13;26
2019;W;-;RC;WL_54_04;0;;HARVEST_DATE;16/07/2017;13;26
2019;W;-;RC;WL_54_04;0;;SPRAY;N;13;26
2019;W;-;RC;WL_54_04;0;;PHOSPHATE;N;13;26
2019;W;-;RC;WL_54_04;0;;SOWING_DATE;17/10/2017;13;26
2019;W;-;RC;WL_56_04;0;;FHB_INO;NO;13;26
2019;W;-;RC;WL_56_04;0;;FGD;Y;13;26
2019;W;-;RC;WL_56_04;0;;HARVEST_DATE;16/07/2017;13;26
2019;W;-;RC;WL_56_04;0;;SPRAY;N;13;26
2019;W;-;RC;WL_56_04;0;;PHOSPHATE;N;13;26
2019;W;-;RC;WL_56_04;0;;SOWING_DATE;17/10/2017;13;26
2019;W;-;RC;WL_59_04;0;;FHB_INO;NO;13;26
2019;W;-;RC;WL_59_04;0;;FGD;Y;13;26
2019;W;-;RC;WL_59_04;0;;HARVEST_DATE;16/07/2017;13;26
2019;W;-;RC;WL_59_04;0;;SPRAY;N;13;26
2019;W;-;RC;WL_59_04;0;;PHOSPHATE;N;13;26
2019;W;-;RC;WL_59_04;0;;SOWING_DATE;17/10/2017;13;26
2019;W;-;RC;WL_45_04;0;;FHB_INO;NO;13;26
2019;W;-;RC;WL_45_04;0;;FGD;Y;13;26
2019;W;-;RC;WL_45_04;0;;HARVEST_DATE;16/07/2017;13;26
2019;W;-;RC;WL_45_04;0;;SPRAY;N;13;26
2019;W;-;RC;WL_45_04;0;;PHOSPHATE;N;13;26
2019;W;-;RC;WL_45_04;0;;SOWING_DATE;17/10/2017;13;26
2019;W;-;RC;WL_41_04;0;;FHB_INO;NO;13;26
2019;W;-;RC;WL_41_04;0;;FGD;Y;13;26
2019;W;-;RC;WL_41_04;0;;HARVEST_DATE;16/07/2017;13;26
2019;W;-;RC;WL_41_04;0;;SPRAY;N;13;26
2019;W;-;RC;WL_41_04;0;;PHOSPHATE;N;13;26
2019;W;-;RC;WL_41_04;0;;SOWING_DATE;17/10/2017;13;26
2019;W;-;RC;WL_05_02;0;;FHB_INO;NO;13;26
2019;W;-;RC;WL_05_02;0;;FGD;Y;13;26
2019;W;-;RC;WL_05_02;0;;HARVEST_DATE;23/07/2018;13;26
2019;W;-;RC;WL_05_02;0;;SPRAY;N;13;26
2019;W;-;RC;WL_05_02;0;;PHOSPHATE;N-;13;26
2019;W;-;RC;WL_05_02;0;;SOWING_DATE;17/10/2017;13;26
2019;W;-;RC;WL_04_02;0;;FHB_INO;NO;13;26
2019;W;-;RC;WL_04_02;0;;FGD;Y;13;26
2019;W;-;RC;WL_04_02;0;;HARVEST_DATE;23/07/2018;13;26
2019;W;-;RC;WL_04_02;0;;SPRAY;N;13;26
2019;W;-;RC;WL_04_02;0;;PHOSPHATE;N-;13;26
2019;W;-;RC;WL_04_02;0;;SOWING_DATE;17/10/2017;13;26
2019;W;-;RC;WO_04_05;0;;FHB_INO;SPRAYING;13;26
2019;W;-;RC;WO_04_05;0;;FGD;N;13;26
2019;W;-;RC;WO_04_05;0;;HARVEST_DATE;19/07/2018;13;26
2019;W;-;RC;WO_04_05;0;;SPRAY;N;13;26
2019;W;-;RC;WO_04_05;0;;PHOSPHATE;N;13;26
2019;W;-;RC;WO_04_05;0;;SOWING_DATE;18/10/2017;13;26
2019;W;-;RC;WO_02_05;0;;FHB_INO;SPRAYING;13;26
2019;W;-;RC;WO_02_05;0;;FGD;N;13;26
2019;W;-;RC;WO_02_05;0;;HARVEST_DATE;19/07/2018;13;26
2019;W;-;RC;WO_02_05;0;;SPRAY;N;13;26
2019;W;-;RC;WO_02_05;0;;PHOSPHATE;N;13;26
2019;W;-;RC;WO_02_05;0;;SOWING_DATE;18/10/2017;13;26
2019;W;-;RC;WO_06_05;0;;FHB_INO;SPRAYING;13;26
2019;W;-;RC;WO_06_05;0;;FGD;N;13;26
2019;W;-;RC;WO_06_05;0;;HARVEST_DATE;19/07/2018;13;26
2019;W;-;RC;WO_06_05;0;;SPRAY;N;13;26
2019;W;-;RC;WO_06_05;0;;PHOSPHATE;N;13;26
2019;W;-;RC;WO_06_05;0;;SOWING_DATE;18/10/2017;13;26
2019;W;-;RC;WO_51_05;0;;FHB_INO;SPRAYING;13;26
2019;W;-;RC;WO_51_05;0;;FGD;N;13;26
2019;W;-;RC;WO_51_05;0;;HARVEST_DATE;19/07/2018;13;26
2019;W;-;RC;WO_51_05;0;;SPRAY;N;13;26
2019;W;-;RC;WO_51_05;0;;PHOSPHATE;N;13;26
2019;W;-;RC;WO_51_05;0;;SOWING_DATE;18/10/2017;13;26
2019;W;-;RC;WO_25_05;0;;FHB_INO;SPRAYING;13;26
2019;W;-;RC;WO_25_05;0;;FGD;N;13;26
2019;W;-;RC;WO_25_05;0;;HARVEST_DATE;19/07/2018;13;26
2019;W;-;RC;WO_25_05;0;;SPRAY;N;13;26
2019;W;-;RC;WO_25_05;0;;PHOSPHATE;N;13;26
2019;W;-;RC;WO_25_05;0;;SOWING_DATE;18/10/2017;13;26
2019;W;-;RC;WO_77_05;0;;FHB_INO;SPRAYING;13;26
2019;W;-;RC;WO_77_05;0;;FGD;N;13;26
2019;W;-;RC;WO_77_05;0;;HARVEST_DATE;19/07/2018;13;26
2019;W;-;RC;WO_77_05;0;;SPRAY;N;13;26
2019;W;-;RC;WO_77_05;0;;PHOSPHATE;N;13;26
2019;W;-;RC;WO_77_05;0;;SOWING_DATE;18/10/2017;13;26
2019;W;-;RC;WO_78_05;0;;FHB_INO;SPRAYING;13;26
2019;W;-;RC;WO_78_05;0;;FGD;N;13;26
2019;W;-;RC;WO_78_05;0;;HARVEST_DATE;19/07/2018;13;26
2019;W;-;RC;WO_78_05;0;;SPRAY;N;13;26
2019;W;-;RC;WO_78_05;0;;PHOSPHATE;N;13;26
2019;W;-;RC;WO_78_05;0;;SOWING_DATE;18/10/2017;13;26
2019;W;-;RC;WL_58_06;0;;FHB_INO;NO;13;26
2019;W;-;RC;WL_58_06;0;;FGD;Y;13;26
2019;W;-;RC;WL_58_06;0;;HARVEST_DATE;10/07/2018;13;26
2019;W;-;RC;WL_58_06;0;;SPRAY;Y;13;26
2019;W;-;RC;WL_58_06;0;;PHOSPHATE;N;13;26
2019;W;-;RC;WL_58_06;0;;SOWING_DATE;20/10/2017;13;26
2019;W;-;RC;WL_51_06;0;;FHB_INO;NO;13;26
2019;W;-;RC;WL_51_06;0;;FGD;Y;13;26
2019;W;-;RC;WL_51_06;0;;HARVEST_DATE;10/07/2018;13;26
2019;W;-;RC;WL_51_06;0;;SPRAY;Y;13;26
2019;W;-;RC;WL_51_06;0;;PHOSPHATE;N;13;26
2019;W;-;RC;WL_51_06;0;;SOWING_DATE;20/10/2017;13;26
2018;S;-;RC;SG_DA_05;1;;HARVEST_DATE;18/10/2017;11;24
2017;S;-;RC;SG_DA_05;1;;;17/05/2017;11;24
2017;;-;RC;SG_DA_05;1;;SOWING_DATE;17/05/2017;11;24
;S;-;RC;SG_EA_08;1;;HARVEST_DATE;10/10/2017;11;24
2017;S;-;RC;SG_EA_08;1;;;10/10/2017;11;24
2017;S;-;RC;SG_DA_33;1;;SOWING_DATE;17/05/2017;11;24
2018;S;-;RC;SG_BA_01;1;;HARVEST_DATE;19/09/2018;11;24
2018;S;-;RC;SG_BA_01;1;;SOWING_DATE;03/05/2018;11;24
2018;S;-;RC;SG_BC_05;1;;HARVEST_DATE;20/09/2010;11;24
2018;S;-;RC;SG_BC_05;1;;SOWING_DATE;27/07/2018;11;24
2018;;-;RC;SG_BC_05;1;;SOWING_DATE;27/07/2018;11;24
2018;S;-;RC;SG_BC_05;1;;;27/07/2018;11;24
